raw,average,std,stdAvg,stdstd,rawFiltered
2173.0,2173.0,0.0,0.0,0.0,2173
2900.0,2536.5,363.5,181.75,181.75,2900
1817.0,2296.6666666666665,450.69748415341985,271.3991613844733,195.18193036381555,1817
1986.0,2219.0,412.84682389477086,306.7610770120477,179.7870537217963,1986
2227.0,2220.6,369.2752902645937,319.2639196625569,162.7390304940546,2227
2504.0,2267.833333333333,353.25883648615996,324.9297391331574,149.09896352139586,2504
2242.0,2264.142857142857,327.17903730064916,325.25106744279907,138.04106124007112,2242
1685.0,2191.75,361.0407698584745,329.7247802447585,129.66694454790837,1685
2017.0,2172.3333333333335,344.79430260825234,331.39917161848007,122.34286533851177,2017
5.0,1955.6000000000001,727.8425928729371,371.04351374392576,166.18081655939713,5
2442.0,1999.818181818182,707.917922589877,441.83530600291346,142.07636596385535,2442
1199.0,1933.0833333333335,713.0037936240046,476.7856853653139,160.32391462016398,1199
1883.0,1929.2307692307693,685.1618735010059,500.2321243000725,171.54598874459631,1883
2001.0,1934.357142857143,660.4971728222025,524.9971591928156,174.98453876331465,2001
1853.0,1928.9333333333334,638.4235236546,551.9119825318162,169.57831541825232,1853
2415.0,1959.3125,629.2487305062681,579.510971933827,156.99328284809727,2415
1779.0,1948.7058823529412,611.9334608874017,607.9864142925023,132.56704453718,1779
1917.0,1946.9444444444446,594.7367739150772,631.3560146981627,104.62897897199328,1917
1187.0,1906.9473684210527,603.2339577280383,657.1999802101412,46.33180562605456,1187
1795.0,1901.3500000000001,588.4657402941993,643.2622949522674,43.883696785054404,1795
1968.0,1904.5238095238096,574.4591343621879,629.9164161294985,42.46196926860162,1968
911.0,1859.3636363636365,598.1901146150282,618.4350482286009,32.88619187712615,911
2035.0,1867.0000000000002,586.1368737612477,608.532548254625,25.347828245108477,2035
2900.0,1910.041666666667,609.7959002244567,603.4624209948504,18.62615342705652,2900
1817.0,1906.3200000000004,597.7536428998154,599.395432919372,14.54043824296384,1817
1986.0,1909.3846153846157,586.3459255240871,595.1051524211539,10.996584205508384,1986
2227.0,1921.1481481481485,578.5032861844437,591.7621349508581,10.439928067413904,2227
2504.0,1941.964285714286,578.2846235785169,590.116919917202,11.115972702747275,2504
2242.0,1952.3103448275865,570.8579208130982,586.8793162257081,11.531175483060847,2242
1685.0,1943.4000000000003,563.3103703406616,584.3637792303543,13.48843684519693,1685
2017.0,1945.7741935483873,554.3028000765797,582.3481458017935,16.075795413616454,2017
5.0,1885.1250000000002,641.621420212106,586.6912763615013,23.786629090013054,5
2442.0,1902.0000000000002,638.9956608189563,591.9771550672722,28.485212600518572,2442
1199.0,1881.3235294117649,640.6357926764094,595.0611443124675,31.73187483796581,1199
1883.0,1881.3714285714286,631.417592664736,598.4275392889596,33.57131877673868,1883
2001.0,1884.6944444444446,622.8964520441065,602.0825919409615,34.04335859673725,2001
1853.0,1883.837837837838,614.4427716633821,605.6765404888554,33.25226062483954,1853
2415.0,1897.8157894736844,612.2367470901552,609.0717528400193,31.991519026386413,2415
1779.0,1894.769230769231,604.6283224295928,612.4487930016687,29.46179901033382,1779
1917.0,1895.3250000000003,597.0327205229207,615.8210280198946,25.277118166693395,1917
1187.0,1878.048780487805,599.744049115731,620.3651529238097,16.299733734344475,1187
1795.0,1876.0714285714287,592.6964770821387,615.4726586108129,16.52626671658843,1795
1968.0,1878.2093023255816,585.9279485087728,610.1658873797945,16.640657946799514,1968
911.0,1856.227272727273,596.8978465836498,605.7920927705186,13.510884330664608,911
2035.0,1860.2000000000003,590.8163692910193,601.7319704331469,11.082418819588197,2035
2900.0,1882.8043478260872,603.7124142433473,599.813566653071,8.645138599919877,2900
1817.0,1881.4042553191491,597.3308951324756,598.1023789999804,7.1431967698139935,1817
1986.0,1883.5833333333335,591.2647050085848,596.0051747918234,5.596814900635459,1986
2227.0,1890.591836734694,587.2112896640111,594.2634715152652,5.34679163370339,2227
2504.0,1902.8600000000001,587.6186181529648,593.3220612782696,5.599148252540548,2504
2242.0,1904.2400000000002,588.3320001495753,592.180856381654,5.3304775364153905,2242
1685.0,1879.9400000000003,571.5545611750464,590.0666647909449,8.152423174022516,1685
2017.0,1883.9400000000003,571.7998744316055,588.6538573832281,9.804113656716435,2017
-713.0,1883.9400000000003,571.7998744316055,596.6925658721347,28.464894239328114,
-743.0,1883.9400000000003,571.7998744316055,614.059353805812,57.62461967331627,
-261.0,1883.9400000000003,571.7998744316055,634.506681559606,81.61066826076869,
-463.0,1834.9600000000003,659.1739363779486,660.7726928788671,104.4821136625133,-463
-513.0,1780.1600000000003,733.9561665385746,692.8701293322715,125.40599854061426,-513
-127.0,1727.5400000000004,773.4268474781568,728.382184414803,139.90101467509106,-127
106.0,1684.8200000000004,802.2833337418895,763.5271479318538,144.20315270842394,106
-444.0,1642.2400000000005,855.8521965853685,801.9135815101166,143.54783171339685,-444
-1206.0,1577.7800000000004,942.2146313871378,849.1267054155288,137.5345544587609,-1206
-278.0,1572.1200000000003,952.4400377976559,898.9586673051414,116.7274318956957,-278
152.0,1526.3200000000004,964.4922900676813,939.3843870947685,102.0333380939108,152
-1155.0,1526.3200000000004,964.4922900676813,976.575998064437,99.24771838409653,
-1419.0,1473.9600000000005,1048.264870345277,1014.6332468477422,100.34118651485493,-1419
-312.0,1430.0600000000004,1075.8154192983109,1049.2528934967092,100.73586158257498,-312
344.0,1396.9200000000003,1083.2135678618508,1078.8182691796076,99.56398146074791,344
5.0,1359.9600000000003,1098.4417319093445,1106.4894413448808,96.18082653155851,5
-589.0,1359.9600000000003,1098.4417319093445,1136.5415328196757,85.5347385329632,
-434.0,1302.9800000000002,1115.9888796937003,1164.5066145234916,71.85227853754168,-434
653.0,1280.4600000000003,1117.5158202012178,1185.4365699110097,63.62207728155659,653
960.0,1261.3200000000002,1114.6414210857233,1202.9441687463857,52.61713256219636,960
958.0,1256.7400000000002,1115.4075992210203,1216.4243927260118,33.62970741999174,958
7.0,1220.9800000000002,1126.1873110633064,1224.6128018643508,20.588068145049167,7
-733.0,1166.9600000000003,1153.5075545483005,1228.9213068665147,16.792196089210456,-733
-1209.0,1166.9600000000003,1153.5075545483005,1233.4867659927418,16.186038451953642,
-696.0,1134.8200000000002,1182.2219705283778,1237.369600462815,14.103950173417012,-696
-372.0,1086.68,1193.5388462886328,1239.3418514995344,12.71386179359579,-372
163.0,1031.94,1171.682387168127,1238.7190874457517,12.838409463989608,163
-270.0,990.2,1180.1152316617222,1236.100261514395,12.561399764555548,-270
-818.0,934.12,1197.9509111812556,1234.7588729572176,11.343885287802557,-818
-1833.0,934.12,1197.9509111812556,1236.1120857661758,13.168534572811321,
-1606.0,934.12,1197.9509111812556,1243.5067327648678,19.31804773895615,
-271.0,884.16,1195.0756856366881,1249.5603430794104,19.940687131271773,-271
-40.0,833.28,1179.0763001604266,1252.4628360641898,19.251067452152174,-40
-61.0,787.22,1168.0771770735016,1251.7966371662155,19.37588964034833,-61
365.0,760.82,1162.3908755663906,1248.1454399199704,23.075296899163714,365
-578.0,708.9200000000001,1163.0769336548638,1244.1086924820472,27.474562246046332,-578
-201.0,704.8000000000001,1165.9245258592,1238.45813843983,34.11253863540119,-201
-41.0,655.1400000000001,1143.5387883233348,1232.8400221012587,39.894230978540364,-41
-555.0,620.0600000000001,1153.179715569087,1224.0682684886376,46.53976191634218,-555
-600.0,570.4000000000001,1151.1854411866059,1210.9091195377625,53.030589099896815,-600
-697.0,516.44,1146.0846244496959,1194.55609263556,51.2130255624939,-697
17.0,479.72,1131.9993646641328,1175.8261568898897,51.220431212101786,17
-953.0,412.36,1114.9137860839287,1151.7789677734445,61.1383355574849,-953
-1539.0,412.36,1114.9137860839287,1127.8949568838761,66.41026754892697,
-597.0,364.84000000000003,1106.25343136191,1103.1685397943327,76.43436666866977,-597
-1086.0,304.78000000000003,1101.8639533082114,1074.2282734897726,88.70229441893326,-1086
-665.0,267.74,1102.7127606045012,1038.835918340906,108.98253660475847,-665
-1147.0,208.9,1098.1314174542135,996.6780136383242,129.83691127705293,-1147
-1762.0,134.3,1102.7818143223074,952.9658405574093,143.13719632126066,-1762
-1181.0,92.46000000000001,1112.1655310249462,903.4139465572092,159.14092586738522,-1181
-1192.0,27.92,1090.9969173192012,854.5919218679254,158.01796226406108,-1192
-1615.0,-62.379999999999995,1034.9526731208534,811.1034156616796,146.23107597893514,-1615
-1345.0,-125.62,1014.5879141799395,775.6336655308498,133.63878843800634,-1345
-287.0,-171.08,968.8467957319157,741.6544642170896,112.12568424255919,-287
-411.0,-223.84,906.6509661385688,712.0364588041583,85.78365260138175,-411
-679.0,-287.5,820.5391946762813,687.590423244106,55.74545921410547,-679
-1558.0,-363.5,756.1908290901182,672.5790086997755,32.74582746591566,-1558
-1796.0,-363.5,756.1908290901182,667.1693185531695,22.820160851744603,
-1150.0,-420.2,705.0207656516227,664.9833440018572,18.863287097102557,-1150
-755.0,-475.64,614.3481345296007,670.9842761274783,16.717299712689595,-755
-132.0,-469.02,616.2291615949381,675.7780893926665,13.237575941131118,-132
-207.0,-462.9,617.2805925995084,678.5600719730884,11.763633957118016,-207
-1052.0,-481.4,620.7876287427129,679.745154972365,10.979046023927797,-1052
-1194.0,-507.4,622.8615255415928,681.2428010950072,10.059645929580048,-1194
-1897.0,-507.4,622.8615255415928,683.6682783537204,9.160330390321423,
-1753.0,-507.4,622.8615255415928,687.3414783226906,8.049023367982423,
-615.0,-510.82,622.9734726294533,690.1799601996638,7.406212175637216,-615
793.0,-510.82,622.9734726294533,693.8558826841794,14.250989599264315,
-838.0,-503.46,616.8607690557086,695.1877937968754,14.711795126125434,-838
-1846.0,-503.46,616.8607690557086,694.3867527544289,15.09693343562346,
-1321.0,-524.3199999999999,626.4446165464273,690.0330956742706,21.618658473246764,-1321
-1533.0,-558.02,634.4270640507074,685.6485440541403,26.25436185546488,-1533
-2012.0,-558.02,634.4270640507074,684.047662565161,27.171452282492318,
-1904.0,-558.02,634.4270640507074,683.4979226868625,27.272367017621836,
-1370.0,-557.04,633.1328757851707,682.3165440917545,27.176656503053884,-1370
-1845.0,-557.04,633.1328757851707,681.0316048604229,26.54672147812063,
-1640.0,-583.5999999999999,649.9284268286781,678.7562619734564,25.68129497943557,-1640
-305.0,-596.5799999999999,637.6378310608619,673.4771732250904,19.062639500913225,-305
-443.0,-605.54,632.2463826705538,670.9793042487131,16.003306843058574,-443
-767.0,-612.1999999999999,632.1582080460557,669.5646072714336,15.439031363759801,-767
-825.0,-641.7599999999999,606.3342827186999,671.4995967433791,13.001229691053426,-825
-1390.0,-688.7599999999999,570.3655164892074,673.3886646557958,9.189437038499063,-1390
-1143.0,-730.7799999999999,522.9162950224446,672.0250775985769,11.553844322430566,-1143
4314.0,-730.7799999999999,522.9162950224446,701.8821123752834,91.62666733877377,
20675.0,-317.41999999999985,3042.340698146741,950.6453487222948,744.3532696191148,20675
41498.0,527.2000000000002,6596.179715562638,1549.0157581646185,1860.8245923884635,41498
60924.0,1759.6000000000004,10719.903064860242,2559.6202571526874,3300.752225425837,60924
91669.0,3600.42,16526.06526804248,4150.43682578329,5261.547746667507,91669
129321.0,6183.58,24131.205631787234,6500.822423870398,7816.307876376403,129321
147192.0,9132.82,31152.071921263923,9554.383684048871,10459.44582982773,147192
147085.0,12090.88,36610.61552317306,13154.890422087206,12729.523650556539,147085
141650.0,14929.3,40803.621540863256,17175.550357834767,14389.326146836827,141650
136030.0,17650.7,44117.519250859965,21528.420423076474,15287.07365651595,136030
132590.0,20303.72,46874.98007553283,26123.396564368133,15324.171087051964,132590
130417.0,22904.760000000002,49244.75591920829,30735.48985544088,14646.408561124153,130417
127481.0,25465.940000000002,51246.28124709539,35196.89347110664,13376.905230110995,127481
123747.0,27944.9,52915.43818102615,39413.65627824052,11536.411924200322,123747
118769.0,30321.100000000002,54255.99876778603,43183.22497586551,9427.31735517085,118769
118438.0,32700.960000000003,55446.14286817795,46310.509760385525,7620.250291547975,118438
119878.0,35110.520000000004,56553.39447716291,48845.79468597006,6270.894146456233,119878
118528.0,37495.020000000004,57498.92639223449,50928.72527635259,5257.170360177163,118528
117525.0,39845.18000000001,58314.72540060187,52671.03772307286,4460.296099314079,117525
117493.0,42214.100000000006,59010.92496961898,54151.19177778473,3803.3944206591536,117493
115650.0,44539.04000000001,59565.8017849034,55412.351193333816,3248.405731720955,115650
112213.0,46805.02000000001,59940.908306928424,56475.594521592684,2775.3701760759322,112213
109875.0,49015.820000000014,60187.31796306927,57363.50351507931,2362.75836705432,109875
110289.0,51244.540000000015,60351.53628772345,58100.40309463017,1992.0659475254513,110289
109412.0,53468.02000000002,60405.622845721904,58709.54827776775,1629.5594988768191,109412
107048.0,55632.60000000002,60347.65813351833,59195.17087574833,1272.7122156556682,107048
105245.0,57761.34000000002,60182.683635614,59554.99163349971,941.8958897783866,105245
105703.0,59907.70000000002,59940.01675483584,59799.552486715394,647.0593183415384,105703
106261.0,62059.82000000002,59633.11740423773,59936.55388615877,416.8647734079701,106261
105710.0,64179.760000000024,59261.95061540247,59965.958860750885,353.8279236225454,105710
104160.0,66271.18000000002,58788.89197278344,59890.51344621497,491.2293207319052,104160
102875.0,68342.26000000002,58215.07285705655,59716.29682906761,710.0167300375925,102875
103937.0,70452.16000000002,57551.38411102205,59450.543266388566,949.2773131095591,103937
103855.0,72552.26000000002,56811.345707986904,59096.37935758225,1188.8496139250424,103855
104966.0,74666.68000000002,56005.286827741555,58660.38639059472,1418.0662555511856,104966
104795.0,76765.22000000002,55122.09852002734,58140.00842456479,1651.331063432874,104795
106055.0,78890.46000000002,54153.41606407116,57533.650981411774,1894.974247101657,106055
107084.0,81053.18000000002,53065.96545195047,56838.79101913545,2142.2161103140897,107084
105677.0,83190.60000000002,51848.45998638726,56048.99770115317,2397.479798532102,105677
105217.0,85307.24000000002,50527.40159737487,55160.52974238989,2669.2453307411306,105217
105798.0,87439.96000000002,49075.93295087115,54171.323036477086,2961.0582693709193,105798
105697.0,89580.32000000002,47465.379845289346,53080.100920229655,3277.2434636440908,105697
105831.0,91727.60000000002,45690.26617169132,51875.83048306503,3623.3473797558645,105831
105091.0,93856.82000000002,43741.22988334462,50546.72892698152,3999.0436119517817,105091
106397.0,96017.56000000003,41585.79882659946,49083.04694052957,4389.925411746022,106397
106065.0,98144.96000000002,39259.53569514546,47474.567947646115,4813.176139649874,106065
107271.0,100299.24000000002,36659.84445769513,45703.86825127034,5286.595656991938,107271
106614.0,102446.86000000002,33702.25141619474,43743.85829162666,5826.376350625476,106614
105160.0,104566.56000000001,30301.721133400988,41558.80938102736,6471.443450692811,105160
106476.0,106723.88000000002,26250.282686965485,39100.979728927676,7269.732083403691,106476
108386.0,108914.46000000002,21251.557054681893,36337.19226147638,8215.186736980642,108386
107714.0,110655.24000000002,17114.41317435102,33322.05186060554,9132.702820199325,107714
106334.0,111951.96000000002,13997.879873695148,30175.339010537984,9803.146538216508,106334
106716.0,112867.80000000002,11982.200530787308,27024.712674825776,10077.218620073336,106716
105510.0,113144.62000000002,11644.374703503818,24051.517637308407,9786.166161362902,105510
105111.0,112660.42000000003,11463.607120082215,21295.321039897586,9033.036249823022,105111
105759.0,111831.76000000002,10384.199652472005,18695.184289027256,7998.045821350988,105759
106505.0,111020.16000000002,9104.09669843196,16266.236521173198,6757.483163188264,106505
106650.0,110320.16000000002,8000.800003399645,14075.234855977435,5392.344367990557,106650
105494.0,109709.44000000002,7133.424193639389,12207.655300504477,4079.185919845591,105494
105364.0,109164.92000000001,6363.685657981528,10718.868160834443,3107.9338547934394,105364
105597.0,108668.52000000002,5609.961244928507,9568.422967892195,2618.3051940816003,105597
105150.0,108221.90000000002,4943.845399079529,8663.019520430636,2492.4745951843365,105150
104435.0,107835.66000000002,4445.071835684981,7909.306650920407,2514.31074593969,104435
105308.0,107566.44000000002,4174.111527786465,7162.280333348675,2400.7926051719637,105308
105075.0,107299.18000000002,3887.4295193096254,6404.66257327142,2100.5104226015915,105075
104198.0,106985.58000000002,3470.0973190387435,5713.252339928098,1792.0914349853133,104198
104015.0,106695.32000000002,3077.2166413172613,5110.564334216632,1547.076195019016,104015
102716.0,106399.14000000003,2711.5678196202102,4581.641115838694,1361.5642429272214,102716
101628.0,106081.84000000003,2290.3540543767285,4097.334101912434,1221.9426566197944,101628
102299.0,105814.82000000002,1905.1577015039811,3651.4813062646863,1123.0707636481116,102299
102557.0,105621.70000000003,1727.9653381940102,3263.281715591245,1047.3853249351348,102557
101822.0,105460.64000000003,1699.0783002557441,2938.805005708874,976.7162774634629,101822
101568.0,105286.22000000003,1641.1082997779151,2658.408652118175,903.8087570414721,101568
101571.0,105129.40000000002,1613.7719541496463,2402.3746947545005,794.1712311113057,101571
102386.0,105036.16000000002,1634.7692725274635,2177.108670076291,646.7968674014071,102386
102815.0,104987.56000000001,1663.702908093862,1996.469228981809,494.8658030319087,102815
101894.0,104911.38000000002,1715.5958602188266,1860.3071508719702,342.6945279636824,101894
100052.0,104787.20000000003,1834.0366626651664,1772.5540351764687,193.24458962998116,100052
101818.0,104709.36000000003,1875.3461521543124,1731.0532449542281,99.32820231475532,101818
102680.0,104679.76000000002,1895.3567322274685,1730.073148026576,97.6394315789434,102680
102884.0,104679.94000000002,1895.1857472026288,1746.7951889274361,109.45138053771197,102884
103926.0,104679.72000000002,1895.2726140584596,1766.4146203077057,116.49698298597137,103926
105458.0,104711.78000000001,1894.6085536595642,1791.7646456958685,114.02685787133683,105458
106092.0,104734.30000000002,1904.1643862860121,1820.8038889095028,101.26241659017951,106092
104643.0,104731.26000000002,1904.186385940196,1847.745600250774,82.2350134405022,104643
104195.0,104694.06000000003,1896.1138405697025,1870.9866934983563,55.40059957925727,104195
104634.0,104645.06000000003,1865.1226706037298,1885.9393745368454,20.843496185294345,104634
105369.0,104638.90000000002,1862.2106244998147,1888.75677072031,14.60923748321534,105369
106280.0,104660.16000000002,1874.7150755248085,1888.6936630573596,14.66827490292965,106280
108624.0,104660.16000000002,1874.7150755248085,1894.0864140728438,23.42559938039705,
110804.0,104660.16000000002,1874.7150755248085,1916.9628776091263,72.86322577400213,
109097.0,104726.14000000001,1969.2690624696227,1947.7187258689992,111.75036725173281,109097
109205.0,104796.30000000002,2062.8743466338383,1986.692448524845,148.3876742051362,109205
110471.0,104889.10000000002,2206.687800754783,2036.6231232552327,190.30288674571935,110471
110476.0,104996.80000000002,2341.22308206629,2097.9481293794033,231.98842349374732,110476
111016.0,105089.18000000002,2481.5712013964003,2171.627113159918,270.06308875959246,111016
111805.0,105203.98000000003,2651.0407125504444,2263.5326539782754,304.3268221759528,111805
112198.0,105302.52000000002,2812.682280244245,2371.911532465147,333.6749668172392,112198
112247.0,105415.18000000002,2971.296987445038,2493.7493959249214,351.8301581242514,112247
112539.0,105562.76000000002,3133.7676720522777,2620.89087704265,361.6916560777336,112539
112352.0,105680.28000000003,3272.901514191948,2742.8111871385195,378.7184096785214,112352
112480.0,105762.16000000003,3388.7291739529646,2869.8230475256305,389.163199971867,112480
112705.0,105861.98000000004,3515.876610405993,3001.487345486517,391.5283842659968,112705
114735.0,106030.00000000004,3728.714421888584,3141.3788682285895,402.624417898996,114735
114449.0,106184.66000000005,3909.9323299003404,3286.751842653939,413.3973946368993,114449
114304.0,106360.54000000005,4070.136038070458,3435.718668446832,419.301885766769,114304
114623.0,106550.78000000006,4226.577103472722,3584.835736998077,426.17546511160884,114623
115784.0,106751.28000000006,4417.721412855256,3736.3045848416027,441.1158905018766,115784
116286.0,106946.90000000005,4614.650575070644,3891.5766771229164,460.24193206900236,116286
116373.0,107141.36000000006,4799.213422051555,4051.148531816886,476.32431598601033,116373
117250.0,107376.48000000005,4996.657303598055,4217.429424636929,490.1803488189642,117250
117410.0,107617.40000000005,5180.827223523263,4388.118802799364,498.33822490387274,117410
119320.0,107891.86000000006,5424.298944601019,4568.161050983307,506.600988432478,119320
118676.0,108162.38000000006,5614.751602306169,4746.410766717799,519.2330597208211,118676
118540.0,108444.48000000007,5772.51139882804,4923.553115598262,526.650155382443,118540
119049.0,108719.30000000008,5941.273312178089,5100.109292739975,524.473821452573,119049
119491.0,109007.62000000008,6104.9629086178375,5275.289693647477,512.1548448452296,119491
119771.0,109319.08000000009,6247.233217481121,5442.266753230818,491.11607833611777,119771
119593.0,109630.64000000009,6362.331065765083,5595.738344760208,456.84922907022366,119593
118020.0,109936.72000000009,6390.379794785237,5732.505493058139,404.83026341918867,118020
118616.0,110276.48000000008,6391.19852059059,5851.2480076050315,343.86407230177093,118616
120785.0,110646.20000000008,6453.410087697766,5955.936634775717,276.2300527790845,120785
121170.0,111018.46000000008,6512.620705092477,6039.888522039267,215.93380897897632,121170
122283.0,111427.68000000008,6564.530991441747,6108.014707925265,162.4884419597641,122283
122299.0,111842.30000000008,6583.358076999844,6162.843563671516,115.70070144327292,122299
121809.0,112247.06000000007,6561.515298800959,6202.93888674933,76.32958702170916,121809
122318.0,112645.70000000007,6555.778804230583,6225.028062289706,49.51414250100222,122318
123718.0,113063.76000000007,6581.984872544066,6226.92324914806,46.10338231993486,123718
125854.0,113063.76000000007,6581.984872544066,6225.2342142483885,48.04076595196126,
127893.0,113063.76000000007,6581.984872544066,6232.4483987895255,46.718927512412854,
127742.0,113063.76000000007,6581.984872544066,6244.0033134172445,49.81579344484649,
127559.0,113063.76000000007,6581.984872544066,6256.782327405783,59.24410472591732,
127951.0,113063.76000000007,6581.984872544066,6275.9609918358055,78.81754828378142,
129156.0,113609.00000000007,6760.85580381647,6303.816878689724,112.4673930911012,129156
128544.0,114178.84000000007,6794.828408017289,6329.748139148317,134.27492837688808,128544
126872.0,114679.92000000007,6788.603010457946,6345.736046390399,137.94962842933057,126872
127120.0,115168.72000000007,6786.85167081163,6354.864961585245,134.15102928578546,127120
128711.0,115685.26000000007,6814.992448447654,6367.536477611151,119.3095208844379,128711
129996.0,116206.66000000006,6892.213416921916,6377.0699784658245,105.66484671934586,129996
128356.0,116664.62000000007,6923.462561146584,6375.392429703876,107.68386210051665,128356
126810.0,117078.98000000007,6898.232270632699,6366.648686049722,115.95704076835742,126810
127970.0,117545.52000000006,6829.872857498761,6347.422665943,131.29802266406267,127970
128298.0,118027.58000000006,6720.29539853705,6313.31288449511,147.9585744406126,128298
128611.0,118507.12000000005,6601.880603706658,6263.723465609189,145.17096011016386,128611
127877.0,118957.28000000006,6456.459754509288,6205.265118754166,135.41858799796287,127877
126297.0,119357.62000000005,6276.0466597690365,6145.11646789373,146.90941434714438,126297
126179.0,119699.26000000005,6172.281736310977,6084.792577528644,175.78750255602515,126179
126125.0,120037.66000000005,6050.269424116419,6019.22485845689,210.9569857985729,126125
125265.0,120333.54000000005,5935.848475862401,5941.144423370861,248.86184073080128,125265
126351.0,120651.04000000005,5823.59557991435,5851.683571948854,283.8786640565376,126351
127827.0,120987.26000000005,5742.336607374904,5750.766255935665,312.416746084981,127827
127948.0,121310.12000000005,5670.357236153458,5641.052983168196,340.06566996956013,127948
127320.0,121612.56000000006,5578.82064296728,5521.099056736784,370.203792285891,127320
127414.0,121915.90000000005,5472.66703262658,5394.107208325369,384.91976204785453,127414
128181.0,122228.74000000005,5373.892450765812,5262.726937974834,391.58972110708976,128181
129046.0,122562.62000000005,5267.42299759548,5129.609323752729,396.41325668018084,129046
128777.0,122888.56000000006,5136.019276287592,4992.518022660943,400.0024172532103,128777
128933.0,123213.12000000005,4992.991290358686,4854.862997148362,397.0724940893988,128933
128855.0,123495.52000000005,4904.00429135188,4719.2336347525115,392.61531537037,128855
129145.0,123789.44000000005,4792.119690324693,4583.740484058084,387.09133114777626,129145
129478.0,124092.92000000004,4660.475713229027,4450.685790364896,376.69500565684984,129478
128626.0,124372.98000000004,4500.998651365892,4318.699898379318,369.44076036800925,128626
128498.0,124627.26000000004,4365.688352642405,4195.924408877068,362.4319193344699,128498
131109.0,124923.72000000004,4291.861246778318,4078.541184776197,344.24578046394726,131109
131804.0,125232.34000000004,4220.106096343729,3967.6033955883277,319.4944875875662,131804
130493.0,125497.20000000004,4125.3218638062035,3860.441966762112,296.36114736037814,130493
129596.0,125740.92000000004,3998.3531851998105,3756.8475729495112,282.5591768572773,129596
130102.0,125956.56000000004,3936.5141542229276,3654.361928421135,273.0166421833456,130102
131324.0,126209.52000000005,3866.2917750213096,3553.3697435828053,268.14566077634396,131324
130401.0,126446.74000000005,3750.5837028917786,3441.280045804693,295.15157568505407,130401
130065.0,126667.06000000006,3631.2039568712444,3314.5987286354593,346.3262034717081,130065
129936.0,126875.96000000005,3510.8126692259384,3185.4782374543847,398.46490815057484,129936
129207.0,127064.68000000005,3374.797205403214,3046.9831174670776,445.83242066224466,129207
129841.0,127269.64000000006,3222.559012709825,2901.7647445528564,475.8950411519852,129841
129937.0,127507.98000000005,2959.604706645347,2748.4934699070773,491.44142051837224,129937
128788.0,127711.42000000006,2677.553929166931,2583.6037065463224,506.57804950774533,128788
128757.0,127870.86000000006,2491.2311816443794,2408.8181680865005,520.4988544649942,128757
128870.0,128024.86000000006,2303.1395790088873,2230.2114619649874,518.2659281903218,128870
129483.0,128168.86000000006,2160.291702617315,2057.7632328721907,481.8036341108057,129483
128829.0,128299.46000000006,1992.3389391359096,1909.288240081216,435.47207769335563,128829
127681.0,128416.90000000007,1766.5646690673927,1786.297391610253,390.119029642756,127681
129295.0,128556.44000000006,1540.379461820096,1678.9027694480963,335.5091683732593,129295
129824.0,128678.56000000006,1386.282700749437,1589.5936810318494,277.6624195432675,129824
127995.0,128655.34000000005,1387.8136274000035,1513.0874835089635,208.77281348758336,127995
127413.0,128632.72000000006,1398.6190480603211,1451.977985125509,128.44542138153028,127413
128295.0,128661.18000000007,1376.8092342794464,1410.079764731134,59.05108346849465,128295
129696.0,128712.70000000007,1366.331471494801,1388.5746675373684,16.777717261339795,129696
129813.0,128734.74000000006,1374.9869353550766,1382.7759050592767,8.318278097868426,129813
130440.0,128743.62000000007,1384.5045740614742,1382.479053100625,8.197444785739712,130440
129258.0,128761.66000000006,1385.2127000562555,1382.5734716648794,8.222910162405428,129258
129683.0,128819.12000000007,1362.4648199484398,1380.314202313541,10.115863509845294,129683
129586.0,128851.44000000008,1361.1053619750126,1378.4130473397122,11.645186416105153,129586
128392.0,128853.32000000008,1360.4043728234371,1375.8252145471163,12.45598568556657,128392
127739.0,128835.88000000008,1368.9615427750819,1373.9400060846274,11.913704847443025,127739
129098.0,128860.30000000008,1362.5140329542035,1370.3295045740213,9.002800505164547,129098
131029.0,128954.94000000008,1345.4154809563902,1367.190129241721,11.360761727296332,131029
129971.0,129030.78000000007,1292.641408743006,1359.821122966553,25.108606034609817,129971
128714.0,129082.56000000007,1225.306690750155,1344.8530985060834,46.827485535796775,128714
128467.0,129146.60000000006,1101.534547800062,1316.5560958799877,84.58877469418299,128467
129910.0,129217.78000000006,1031.3388248277467,1281.1687083571971,116.4753615550067,129910
129527.0,129251.78000000006,1012.78365488246,1246.2005918506609,137.42593857813353,129527
129404.0,129280.90000000005,995.6652700566947,1209.6565826588946,150.0230252761996,129404
129825.0,129331.00000000006,958.0488714032628,1169.4210325169524,157.94354380601916,129825
129811.0,129378.94000000006,920.1465189832866,1124.5395301378599,158.6314929651146,129811
129161.0,129398.54000000007,904.7288037843481,1078.7610072209648,149.11997365420268,129161
128698.0,129391.58000000006,908.7437502382387,1035.0938341492363,126.92545240910003,128698
129349.0,129403.02000000006,904.5255218052484,996.2822454555409,98.36393725897454,129349
129978.0,129423.92000000006,905.4961477538458,964.3011911559801,65.05127376294014,129978
130125.0,129449.32000000005,906.9922698662056,944.8469633626424,47.94093310958108,130125
130036.0,129467.14000000006,909.5873132344414,932.6718122033443,39.06838676416445,130036
129237.0,129462.32000000005,910.1553590442953,922.4089826195557,28.80835826251889,129237
130109.0,129491.98000000005,906.5750601009532,913.4999616240065,15.45877731144663,130109
131234.0,129491.98000000005,906.5750601009532,910.421381969594,7.069507451122982,
130357.0,129529.16000000005,903.1618096426815,909.1760367997585,6.3018721116359515,130357
128088.0,129468.74000000005,896.4773462821295,905.697164513677,13.400719193878842,128088
128291.0,129398.48000000005,846.9992972825042,902.0358257858823,16.670894451386438,128291
128823.0,129365.08000000006,836.0360719472933,899.1431876298246,18.407100312268042,128823
128552.0,129344.20000000006,843.0159191836547,896.3491957168641,19.32818203450034,128552
127655.0,129344.20000000006,843.0159191836547,892.0628571437938,21.158763373094907,
126996.0,129344.20000000006,843.0159191836547,891.829793103487,20.976498659643767,
127252.0,129344.20000000006,843.0159191836547,894.8213085301614,25.103752775128996,
129537.0,129332.90000000005,836.5443024712221,897.6845588042668,27.772109884070456,129537
128488.0,129276.18000000005,794.7180302453628,898.9490015226761,29.33394116729302,128488
125970.0,129276.18000000005,794.7180302453628,911.6024126851986,50.22692454795134,
126655.0,129276.18000000005,794.7180302453628,932.6287127573811,68.91793832906747,
127708.0,129276.18000000005,794.7180302453628,954.9153346158902,80.7670487169075,
128667.0,129241.50000000006,782.6184574855572,976.8993187143236,85.93953838894706,128667
127473.0,129241.50000000006,782.6184574855572,1000.6963983918174,88.05772202741763,
126898.0,129241.50000000006,782.6184574855572,1029.1966036793665,85.32358019837137,
127696.0,129241.50000000006,782.6184574855572,1054.6134755279236,83.03978876371875,
128564.0,129211.48000000005,779.2352209680183,1075.5809218211093,77.77508558311439,128564
127161.0,129211.48000000005,779.2352209680183,1099.409289027271,66.8531809531706,
126238.0,129211.48000000005,779.2352209680183,1127.4775353121763,51.04816323223716,
127029.0,129211.48000000005,779.2352209680183,1148.091506896307,50.850929151494434,
127237.0,129211.48000000005,779.2352209680183,1164.5145014842801,52.75781720106079,
126682.0,129211.48000000005,779.2352209680183,1182.666980029255,56.79044348728464,
125798.0,129211.48000000005,779.2352209680183,1206.393354195218,64.43922467418408,
126562.0,129211.48000000005,779.2352209680183,1230.1837628355402,70.16246417272055,
126602.0,129211.48000000005,779.2352209680183,1250.74858172519,73.45273306977805,
126662.0,129211.48000000005,779.2352209680183,1272.0639986962465,75.34258360254962,
125231.0,129211.48000000005,779.2352209680183,1300.5876573804705,77.59461806444926,
127773.0,129211.48000000005,779.2352209680183,1325.8948224859594,73.15803378926256,
129468.0,129202.12000000005,773.2641111528955,1347.3794726689073,70.57998011786889,129468
128528.0,129188.54000000005,779.0001594332821,1366.6387709112953,64.7907740734978,128528
128154.0,129154.80000000005,786.5076223388317,1385.1366476696,52.50041757546513,128154
126917.0,129154.80000000005,786.5076223388317,1396.538057145454,38.0721487096979,
127986.0,129115.78000000004,795.0828960536667,1400.2126447234202,33.194499538552535,127986
129041.0,129120.84000000004,793.7847657879845,1402.123777921799,30.918201585305894,129041
128713.0,129119.96000000004,794.2119102588964,1404.0274254326353,28.430529294620253,128713
127444.0,129119.96000000004,794.2119102588964,1402.273083135658,30.64829059149864,
126999.0,129119.96000000004,794.2119102588964,1394.1036577897405,31.710476821230053,
126873.0,129119.96000000004,794.2119102588964,1386.6766779843526,31.93503620229535,
127714.0,129119.96000000004,794.2119102588964,1376.1462517075624,31.47908375709222,
128219.0,129106.94000000003,803.4849198317827,1363.480661922324,31.552037126283448,128219
127772.0,129072.72000000003,822.9397800550709,1350.1711703429316,28.89280910111587,127772
128285.0,129061.84000000003,829.6587095891232,1340.4233939380965,30.050666322527555,128285
128551.0,129079.24000000002,809.3921067054509,1331.56717550348,33.08819857043007,128551
127372.0,129079.24000000002,809.3921067054509,1319.3521364324436,37.90335729320211,
127086.0,129079.24000000002,809.3921067054509,1303.422273082915,44.55691096018425,
126955.0,129079.24000000002,809.3921067054509,1285.6768992773868,54.00561810986195,
128007.0,129053.48000000003,822.5052763338904,1266.523907881864,60.235017112917426,128007
127889.0,129014.78000000003,830.8209744566462,1242.5516689070253,68.46979552551528,127889
126209.0,129014.78000000003,830.8209744566462,1210.8210654010488,90.50760865256774,
127140.0,128997.68000000002,859.9232858790906,1173.78642591949,116.03170829598471,127140
128894.0,129027.30000000002,829.8081043211681,1139.3400129835593,125.30317800261943,128894
128134.0,129024.08000000002,832.9499106171335,1105.006257385453,125.51787339628189,128134
127176.0,128973.68000000002,866.3393432120537,1070.3130281744402,119.93171691837249,127176
128825.0,128953.92000000003,858.1994835684146,1039.3411843689628,108.91351540304181,128825
128927.0,128923.66000000003,831.5266107570432,1013.9388270418425,93.64782955273526,128927
129348.0,128925.46000000004,832.3454141142936,994.8550704838145,75.66650920697424,129348
129034.0,128912.48000000004,825.4627124207948,979.3930612416797,52.11327656725963,129034
129264.0,128906.04000000004,821.4292169122646,967.8924263260891,29.033089114319523,129264
131116.0,128906.04000000004,821.4292169122646,977.0454772979391,49.18828127274339,
130598.0,128906.04000000004,821.4292169122646,998.3608605870609,68.97092670675609,
128947.0,128917.14000000004,818.1513065424363,1018.0572036858375,80.10257615270693,128947
129248.0,128947.32000000004,801.8041017587108,1039.6469956763071,87.525589767549,129248
129979.0,128964.94000000003,814.5014035574719,1066.0282051471313,91.36646602400869,129979
129931.0,128942.98000000003,772.2621702486101,1094.9333726746956,92.8472866924438,129931
129731.0,128938.18000000002,766.5825641097595,1123.4526210877532,90.95324147050741,129731
129063.0,128945.16000000002,766.0982798551979,1149.9597602859842,86.34067341606473,129063
129030.0,128956.42000000001,763.1192590919802,1175.1993234628496,77.32062451507146,129030
130620.0,128956.42000000001,763.1192590919802,1205.849172905055,59.53341891020029,
131685.0,128956.42000000001,763.1192590919802,1232.395665867567,67.06813694878679,
130930.0,128956.42000000001,763.1192590919802,1258.5717021274993,79.40211487634724,
130768.0,128956.42000000001,763.1192590919802,1288.1418766837282,87.6542812227261,
131030.0,128956.42000000001,763.1192590919802,1318.745002702181,92.80631126694743,
130446.0,128956.42000000001,763.1192590919802,1343.783428902085,90.53772523711125,
130261.0,128963.44000000002,773.4041675586527,1364.7907890928973,85.88795916858611,130261
129790.0,128968.70000000001,778.0992031849747,1382.207093141129,77.1877948467946,129790
130354.0,128968.70000000001,778.0992031849747,1397.74451286169,64.3500800931885,
130894.0,128968.70000000001,778.0992031849747,1406.6044676107435,48.97269995071957,
131197.0,128968.70000000001,778.0992031849747,1413.9678626030568,37.09707062171749,
128633.0,128953.28000000001,776.958661446729,1414.6001240029373,36.38635037822279,128633
130082.0,128958.42000000001,783.5308568251111,1411.972427859559,37.49271245664986,130082
131615.0,128958.42000000001,783.5308568251111,1410.4312830416964,36.424785247567314,
131997.0,128958.42000000001,783.5308568251111,1408.9355294258287,34.114018885784,
131815.0,128958.42000000001,783.5308568251111,1413.6609227394129,41.65744210263908,
130953.0,128958.42000000001,783.5308568251111,1421.2162122859045,51.42026778122583,
132015.0,128958.42000000001,783.5308568251111,1435.4873567628736,66.61837837209428,
133260.0,128958.42000000001,783.5308568251111,1458.0774276522652,88.55908137478018,
133639.0,129034.98000000001,1015.7154619267599,1493.4541420782039,106.42995984425923,133639
132907.0,129109.90000000001,1151.346190334206,1527.873942387234,118.41093943166204,132907
133817.0,129212.28000000001,1324.7108973648128,1569.654673453545,130.58736044673657,133817
133493.0,129295.16000000002,1453.9970063232884,1616.459354952927,139.4482967560786,133493
132176.0,129339.12000000002,1506.264978546963,1658.9826160364387,140.66330897537614,132176
131693.0,129370.48000000003,1538.2826819531842,1698.6466047560439,133.78315317623267,131693
132605.0,129421.86000000003,1601.2675480372036,1736.5576763849704,124.18903973961042,132605
133664.0,129510.40000000002,1707.468886977761,1774.6334276824823,107.82217914205641,133664
133848.0,129510.40000000002,1707.468886977761,1808.9983038759074,87.62645477886167,
131903.0,129546.28000000003,1738.242469161616,1830.7759014277694,66.12267836652764,131903
131458.0,129568.30000000003,1755.263550010958,1842.8924552442772,50.69944621736905,131458
131957.0,129645.68000000004,1773.486525913593,1849.9568073475345,36.1944657585734,131957
131898.0,129717.82000000004,1790.1972035496703,1839.0482476605494,60.024021688799,131898
131180.0,129764.96000000004,1797.0334438727223,1814.2325111089324,92.03591928380332,131180
131515.0,129824.22000000003,1804.8946815803552,1787.081789537292,113.69793536924806,131515
134239.0,129918.26000000002,1907.080761896844,1761.845552691034,123.75473270088054,134239
135262.0,130053.74000000002,2036.8604449978995,1735.7693477569478,124.73556088968145,135262
134340.0,130167.20000000003,2113.032616879597,1709.939147022664,115.2411699109703,134340
133926.0,130167.20000000003,2113.032616879597,1683.66819624253,95.81020323781739,
133815.0,130272.22000000003,2160.694687270053,1663.565111856241,77.54973280276519,133815
134351.0,130272.22000000003,2160.694687270053,1647.5132633393034,56.67782850576419,
132679.0,130336.44000000003,2183.4362199059137,1631.8578685163313,29.620090553332265,132679
133565.0,130437.18000000004,2213.6639464013097,1628.960380786707,25.41118317356798,133565
133875.0,130551.60000000003,2240.3861363606525,1636.09844519209,27.474929719334654,133875
134851.0,130551.60000000003,2240.3861363606525,1645.9531008334243,24.06350888574128,
135865.0,130551.60000000003,2240.3861363606525,1658.7337444171646,29.988537391377523,
135148.0,130551.60000000003,2240.3861363606525,1673.1994520846438,38.48724914453584,
133999.0,130671.86000000003,2260.7328104835838,1684.3734881194569,42.591707683111565,133999
134131.0,130773.66000000003,2299.2756477632247,1693.4133401266188,42.55039840333198,134131
134676.0,130892.92000000003,2343.51964224689,1698.5403346358526,40.2589142700598,134676
133755.0,131003.64000000003,2345.348262070472,1696.6568931558936,42.288180732603365,133755
133904.0,131126.28000000003,2333.4501755119986,1696.3780517370765,42.694566724679106,133904
135272.0,131126.28000000003,2333.4501755119986,1697.952739598899,41.44434885103919,
135214.0,131126.28000000003,2333.4501755119986,1699.5690415102908,40.86251023725438,
133787.0,131236.32000000004,2326.588080773425,1698.9581688782775,41.17435518468849,133787
134207.0,131349.44000000003,2330.77152170627,1692.8920383958102,40.801402171849354,134207
133551.0,131460.32000000004,2300.804367519532,1680.5875287094893,37.61683704469741,133551
133042.0,131563.38000000003,2253.447819586011,1664.7670834138303,38.54406653339083,133042
133263.0,131685.84000000003,2174.7365298805603,1643.9855593786083,49.991933326605114,133263
133751.0,131782.98000000004,2156.259052061448,1621.7315070477794,65.76496735855413,133751
134715.0,131914.60000000003,2130.202572526126,1603.7174661076103,80.33465892455638,134715
133961.0,132050.30000000005,2038.1405667904544,1584.3992283876305,93.13141944491908,133961
131726.0,132108.32000000004,1986.1276035534347,1547.3500425946654,120.67723283800142,131726
131431.0,132158.40000000002,1936.221619545889,1502.874817701251,139.62894371363817,131431
131301.0,132197.46000000002,1898.4636442125784,1461.0049525979994,144.35273162388356,131301
132660.0,132269.98,1844.7315088101304,1418.8057594346353,139.2298535453901,132660
132202.0,132328.74000000002,1794.1448415322825,1379.0610711339102,128.01386896019704,132202
131867.0,132387.14,1729.4756200643294,1340.837969220507,115.36220082763649,131867
132649.0,132455.16,1670.5527870728586,1308.064837935517,104.08183261213668,132649
132432.0,132504.22,1632.704226612063,1280.5400630719066,90.30754647852186,132432
131388.0,132533.36000000002,1599.175934785443,1257.69318970034,67.00642644222876,131388
130413.0,132547.00000000003,1577.9834346395703,1243.5543176451804,33.666321884092575,130413
132355.0,132612.84000000003,1497.8881715257955,1243.6345135315216,33.80408786506009,132355
134814.0,132728.52000000002,1438.9073526801112,1250.9577386978565,40.97210264457645,134814
134711.0,132817.52000000002,1421.0435635816668,1258.0123436161673,46.966154542710626,134711
134825.0,132918.22000000003,1380.7629382326563,1265.787615068153,50.64602475267548,134825
133674.0,133019.04000000004,1241.1702052486082,1274.011178787995,52.10845043170759,133674
133528.0,133087.96000000005,1169.7906814455598,1285.0706120510247,48.79137142952975,133528
134948.0,133114.14000000004,1196.1801371017932,1298.8782522560898,41.25149717687969,134948
133916.0,133134.32000000004,1201.0167099573857,1310.4433038470413,27.22829494512452,133916
132495.0,133107.88000000003,1200.248151674005,1316.6953962175864,12.292697937402352,132495
132851.0,133095.04000000004,1199.4932923517604,1315.1187307639325,15.181096041789337,132851
132961.0,133110.74000000005,1192.4782230283556,1311.441570036874,21.1901104854385,132961
131770.0,133112.28000000006,1190.6947054542845,1304.0001169668913,28.50375332301969,131770
131932.0,133098.82000000007,1200.1196888631011,1294.6924197147462,34.08564531207393,131932
132544.0,133076.42000000007,1199.813920404689,1286.0145837798732,36.51147310974693,132544
132339.0,133085.14000000007,1192.8180416127468,1276.073567109807,39.29051649974556,132339
132337.0,133102.72000000006,1175.0525101444896,1266.4034032775699,39.26165827054523,132337
132224.0,133108.06000000006,1170.431277947093,1255.8805916134338,32.62411518885891,132224
131765.0,133105.40000000005,1173.3258711870565,1248.6985540606659,24.364747689390278,131765
131374.0,133109.28000000006,1167.2575386763904,1245.8376861547479,19.68154668084259,131374
132066.0,133120.30000000005,1154.6873213112126,1245.2952069963453,18.70417373467688,132066
131747.0,133070.46000000005,1159.0979459894093,1248.12307724555,23.114082509755903,131747
130746.0,133070.46000000005,1159.0979459894093,1256.9667407992447,34.67354564642695,
131592.0,132997.06000000006,1133.922579542746,1266.4654761458503,39.73337254547312,131592
132369.0,132957.64000000004,1120.7345405567187,1269.8745900573538,38.51100478880146,132369
132491.0,132931.16000000003,1115.7949876195366,1271.359757782474,36.83766570328458,132491
130073.0,132931.16000000003,1115.7949876195366,1278.0787280303994,33.36951661886168,
130313.0,132931.16000000003,1115.7949876195366,1287.566511853955,32.15795508768872,
132466.0,132926.90000000002,1117.1553562494707,1292.5841089882908,29.583511524700622,132466
132897.0,132913.54000000004,1113.4325522441325,1294.8463887735975,28.541323780835224,132897
131710.0,132870.24000000005,1117.2910195633394,1295.9547566081362,28.05465216213206,131710
132133.0,132832.92000000004,1110.1058118922222,1290.2870427849148,33.23408829130515,132133
133111.0,132812.52000000005,1095.3378883234577,1275.1125495673766,42.827114530192915,133111
132487.0,132768.74000000005,1063.2575005128795,1259.2474246734362,48.87481085916467,132487
132073.0,132735.10000000003,1058.117087092397,1246.961552706574,58.76929704201872,132073
130243.0,132735.10000000003,1058.117087092397,1241.5836278706659,61.93853733114127,
130087.0,132735.10000000003,1058.117087092397,1234.9688435413643,59.892226918963395,
132240.0,132701.82000000004,1046.9384640927572,1224.1504062527817,51.663478728774336,132240
132429.0,132674.66000000003,1035.9916912779288,1214.4139328777997,45.37017649828829,132429
131360.0,132617.72000000003,1028.417192386877,1201.3372341434776,39.721245495478286,131360
130568.0,132617.72000000003,1028.417192386877,1188.4679007658208,28.713442365873306,
131355.0,132573.80000000002,1034.4959932241927,1181.1993337929937,24.447086742699057,131355
131713.0,132547.22000000003,1039.187553619129,1179.0214771188746,25.168242204137297,131713
130331.0,132547.22000000003,1039.187553619129,1180.3764704785467,25.030700825769877,
128159.0,132547.22000000003,1039.187553619129,1196.4788414862874,43.909470491624795,
129100.0,132547.22000000003,1039.187553619129,1215.7937562350714,68.69654156536325,
129420.0,132547.22000000003,1039.187553619129,1235.6833865367976,92.77870854986017,
129333.0,132468.62000000002,1126.9916572880718,1260.6230403992113,115.40541728134002,129333
128412.0,132361.84000000003,1246.9729645813977,1294.9593948953466,141.06977201198396,128412
128092.0,132229.38000000003,1338.3868482605944,1341.9991301161424,164.92532325496975,128092
129629.0,132142.74000000002,1363.4669898449806,1390.8161979383242,175.6752174771008,129629
130438.0,132116.98,1383.1225468471453,1440.0105434728532,174.17080607915977,130438
129164.0,132071.64,1440.8201519957079,1487.3037335445774,155.16218414166391,129164
128338.0,132012.38,1529.5014205933041,1532.4810856482147,122.60771351642391,128338
129506.0,131949.30000000002,1566.092618588357,1560.2614022780228,97.88374208559524,129506
130460.0,131914.46000000002,1579.403497652496,1578.5282829638786,76.25464527736194,130460
129802.0,131873.16000000003,1606.8647778817422,1590.1223720782134,58.45373092992844,129802
129728.0,131814.74000000002,1630.5205280513778,1589.257087207093,60.30047533233355,129728
130584.0,131777.78000000003,1637.041652370808,1575.2385471434925,81.46539115811564,130584
130851.0,131767.04000000004,1641.3195540165073,1551.1616432477492,95.6860944977601,130851
131283.0,131784.44000000003,1631.4547270448372,1523.0271891492955,104.07247876021154,131283
129848.0,131734.30000000002,1651.5494936564714,1492.1027998902944,105.88447744051012,129848
129990.0,131637.82,1609.182384814397,1463.5013368634397,102.27659596524096,129990
131515.0,131573.9,1548.1586385112319,1434.2137991226257,89.96560147946944,131515
131408.0,131505.56,1476.916465612375,1407.9224087564662,79.20107300228399,131408
130173.0,131435.54,1455.2838652293751,1383.2560196656507,66.05298284005877,130173
130309.0,131371.16,1432.3129596554486,1358.8689383204112,46.097106105385,130309
131196.0,131296.12,1338.143245544718,1341.0212491785517,37.82252840481785,131196
131301.0,131243.82,1284.7634442172423,1327.965497568614,35.92279040781143,131301
129561.0,131185.14,1293.2526436845014,1317.1524465093255,31.470287857624555,129561
128711.0,131185.14,1293.2526436845014,1310.2946946822492,27.10637288348238,
129943.0,131126.98,1282.371342317409,1304.848505801611,24.57972722903095,129943
130807.0,131083.90000000002,1255.94407916792,1299.303762985037,20.079282264957694,130807
131155.0,131071.60000000002,1252.170387765561,1293.756847194681,14.045726048693178,131155
130168.0,131036.32000000002,1252.281956109309,1287.7312661279855,12.516649702499826,130168
129935.0,130984.14000000003,1242.692029586156,1280.2964750486985,17.566993517382205,129935
131842.0,130974.20000000003,1233.7707404526013,1275.6579076516916,19.123748823734545,131842
132326.0,130973.98000000003,1233.5286699533822,1274.886725984899,19.0820908412072,132326
131268.0,130954.86000000003,1221.3539046471997,1272.2301296388116,20.71892184891768,131268
131183.0,130943.22000000003,1216.3405327444127,1264.640221125293,28.17495759608099,131183
132390.0,130963.54000000004,1231.7562292909097,1257.1676645255095,28.226456292773953,132390
132606.0,130974.34000000004,1243.6848091043644,1251.665370368673,26.1201643031776,132606
130915.0,130957.70000000004,1238.7918993910805,1240.792013567096,29.305743319085497,130915
129314.0,130912.14000000004,1256.3908310700792,1228.1708445969198,33.42318425080293,129314
131095.0,130886.66000000005,1239.3904245220579,1215.9456640904177,39.830896840128524,131095
132278.0,130882.40000000005,1234.2239991172457,1209.303415481288,41.33881697228126,132278
131737.0,130867.82000000005,1219.6505022329015,1202.6478350273194,39.80100636263743,131737
129401.0,130797.90000000005,1201.3901655985767,1191.9484605310963,33.4778529916167,129401
129607.0,130755.84000000005,1205.5271106022378,1180.7615428708318,31.50698463314791,129607
131152.0,130736.22000000006,1190.8476525555157,1173.4115330777915,33.181027762999996,131152
130614.0,130686.28000000006,1141.5477570373428,1164.390277430042,30.53637682786304,130614
130701.0,130650.56000000006,1112.2085444722102,1153.225277533789,20.643488573891513,130701
130331.0,130615.72000000006,1094.243885793746,1145.784314830917,21.686522331454043,130331
131068.0,130592.28000000006,1071.515600258344,1141.0593385667303,22.93666569150493,131068
132377.0,130591.24000000006,1069.7561882957252,1137.231889457231,25.549277972653787,132377
130859.0,130581.22000000006,1064.8436371585267,1128.9994260356486,26.831202257139562,130859
128119.0,130581.22000000006,1064.8436371585267,1123.5725215935308,20.222250204725018,
129653.0,130547.18000000007,1066.7663228641052,1119.257427478489,14.665256820885293,129653
130567.0,130524.26000000007,1053.7030855022715,1113.9851918216175,16.946076995598904,130567
129760.0,130532.80000000006,1045.7136893036288,1103.997281347596,28.385941247426217,129760
128939.0,130543.34000000005,1026.7687881879758,1095.6473149842723,30.768062193437114,128939
129665.0,130574.80000000006,973.916156554044,1088.7296311420441,31.018816171665353,129665
130373.0,130589.68000000007,964.9948070311049,1081.7051158320194,33.418577262038646,130373
129915.0,130579.22000000006,969.4066698744139,1069.8099130108103,40.3048938366318,129915
129633.0,130588.60000000006,957.8679449678853,1058.703073187056,44.5785377470199,129633
128934.0,130600.52000000006,933.1767943948232,1051.7534375093244,44.904932142228944,128934
128651.0,130600.52000000006,933.1767943948232,1043.7079676515502,37.08526424401577,
128959.0,130600.52000000006,933.1767943948232,1037.9073766911406,27.68277322618275,
127826.0,130600.52000000006,933.1767943948232,1042.3696187225746,36.76600178876542,
126402.0,130600.52000000006,933.1767943948232,1065.0785162083557,74.64286111065336,
127154.0,130553.48000000007,1040.2964431338812,1093.1180880499544,108.54230871594936,127154
128170.0,130507.68000000007,1092.5034634256363,1123.5829803571344,133.79866357761244,128170
127727.0,130466.18000000007,1156.081964047972,1160.2301373573227,154.26020319960503,127727
127093.0,130413.48000000007,1245.1573754337335,1206.5157562133522,166.66277068469108,127093
129449.0,130390.78000000007,1252.1679166936942,1252.1324749106316,164.22294260410553,129449
129927.0,130372.30000000008,1252.0578141591664,1295.155173407926,153.34378421722744,129927
129262.0,130331.88000000008,1254.624575559173,1335.664021901603,134.9305093780048,129262
129731.0,130329.54000000008,1255.633580467262,1373.5920730098455,102.80216966527748,129731
129505.0,130319.84000000008,1260.084590175214,1404.121892526004,62.9594413298397,129505
130671.0,130302.96000000008,1249.5704695602565,1421.6390362074035,41.0198836499787,130671
129445.0,130263.70000000008,1245.06411481379,1431.2201868997981,27.44781983836912,129445
128419.0,130228.62000000008,1271.5533317942477,1439.4248406441202,14.459751727524496,128419
128354.0,130189.52000000008,1298.2580057897037,1444.4608158036299,9.810446028834733,128354
129312.0,130151.84000000008,1295.8375108002795,1443.4619949696698,8.864592576845565,129312
129885.0,130123.52000000008,1285.8481751735192,1443.334793350833,8.799428747389223,129885
129410.0,130120.50000000007,1287.3422427610576,1443.3568015325027,8.812849325616032,129410
127908.0,130079.80000000008,1323.9586700486823,1442.8063106521438,8.390305460556451,127908
128586.0,130035.38000000008,1336.0186359467752,1439.5157663775894,12.757988623340083,128586
130369.0,130019.66000000008,1327.3483884787313,1435.8377575153634,18.16376989020774,130369
129512.0,130006.54000000008,1329.058271257166,1430.3797415699692,24.56306800056053,129512
127787.0,129963.58000000007,1364.9084671131225,1422.7713390542888,34.54543629826831,127787
127803.0,129882.80000000008,1370.854696894279,1408.5740080216553,49.27565980462954,127803
128661.0,129809.50000000007,1335.7923079570105,1391.9747218650125,57.75915003004544,128661
129361.0,129771.36000000007,1320.7441199555356,1376.1788000863387,61.78827814640364,129361
129517.0,129738.04000000007,1305.6393983015091,1358.2650874722237,64.48473057588866,129517
128587.0,129661.98000000007,1258.8681978655022,1333.8776408223343,71.37169269126778,128587
131496.0,129639.78000000007,1215.8058280815817,1308.7633280477844,71.3578194780462,131496
132304.0,129639.78000000007,1215.8058280815817,1294.3089630968998,63.45252784879848,
131044.0,129642.36000000007,1218.6427328783197,1283.3390308289202,53.53353037548751,131044
130199.0,129660.06000000007,1220.1710439102944,1272.0592039630278,42.57838766703184,130199
129474.0,129627.64000000007,1203.0285243489209,1262.6964416706649,33.86626928992947,129474
131341.0,129608.90000000007,1168.3964780831654,1259.8469202235922,31.631553969205033,131341
130932.0,129592.80000000006,1144.2581876469783,1259.2866487476763,31.139603228424253,130932
129995.0,129604.68000000007,1145.2882683399607,1256.8142372914594,29.55601030018824,129995
130256.0,129617.66000000006,1148.9129577113943,1249.7694473191502,34.06620247347536,130256
132569.0,129617.66000000006,1148.9129577113943,1255.600762793472,30.722099469751022,
131574.0,129626.10000000006,1161.6329411639215,1264.731209375613,24.53374563081965,131574
131195.0,129637.72000000006,1174.2938650938875,1269.1247262684442,28.06982824002946,131195
129908.0,129621.86000000006,1165.145604805315,1270.6658705304606,29.393330407505637,129908
130539.0,129626.02000000006,1168.0377988734538,1274.910362989312,31.67407182284383,130539
131737.0,129626.02000000006,1168.0377988734538,1283.8595613665825,37.254593958119294,
130003.0,129604.72000000006,1151.1362914951233,1291.3017375362463,41.47749171838993,130003
129436.0,129545.90000000005,1080.9780617557199,1297.0573519333811,44.02500788123552,129436
130318.0,129535.08000000005,1070.4366555743286,1305.0889832485843,44.78670211741592,130318
130660.0,129555.22000000004,1081.8779097463596,1320.7905432521688,29.196058278783646,130660
130026.0,129544.40000000004,1074.3842143279812,1329.8099392879765,23.38493391663939,130026
128330.0,129515.80000000003,1087.2208423301843,1336.9555916019006,19.89760608186635,128330
127945.0,129495.92000000003,1106.5027038363514,1343.4369536466447,20.62529854329268,127945
128577.0,129474.16000000003,1113.6387450143595,1349.2163077091352,15.818767812468916,128577
129668.0,129460.06000000003,1106.6099838683722,1346.4962806926799,22.975800402948863,129668
128480.0,129431.36000000003,1113.0287104999404,1336.440022228833,38.15263278428888,128480
127785.0,129394.40000000002,1136.161837062468,1327.2602848743568,44.91980719702167,127785
129092.0,129397.56000000003,1135.096157335211,1315.8667579140379,53.41313228200601,129092
130008.0,129454.64000000003,1091.7722612326982,1298.5429022767996,67.29985193090516,130008
130318.0,129497.60000000003,1082.60007389486,1280.5104516938964,73.68760103347799,130318
129337.0,129529.80000000003,1052.9964102489403,1262.7108834374344,75.39494606423482,129337
129647.0,129580.88000000003,993.8345463894635,1244.2173756944915,72.23370531329056,129647
131554.0,129580.88000000003,993.8345463894635,1226.8057273819313,58.27663705349306,
131364.0,129580.88000000003,993.8345463894635,1212.8379461512905,37.80585111980541,
128876.0,129569.42000000003,998.5815157497917,1206.6214946419964,30.034326216643,128876
129461.0,129560.10000000002,997.3745585271122,1204.212296313459,27.73245410774824,129461
132610.0,129560.10000000002,997.3745585271122,1205.452135841627,30.160954199604994,
132773.0,129560.10000000002,997.3745585271122,1213.931809728399,44.02596294124044,
130142.0,129577.70000000003,999.7205259457021,1227.6919939992745,49.940032773848294,130142
130816.0,129599.40000000002,1014.4791570047904,1241.7638995683983,52.689053626449436,130816
132606.0,129599.40000000002,1014.4791570047904,1260.4568212072554,58.67061543451563,
133955.0,129599.40000000002,1014.4791570047904,1286.4401000659457,70.74962095785457,
132648.0,129599.40000000002,1014.4791570047904,1311.989908108379,80.63806040030394,
132386.0,129599.40000000002,1014.4791570047904,1338.6074067390336,89.45748032865193,
133249.0,129599.40000000002,1014.4791570047904,1370.351562689414,98.02306421463888,
134028.0,129689.86000000003,1188.7206065334046,1405.935504668503,101.84857208553132,134028
132131.0,129689.86000000003,1188.7206065334046,1433.693229664468,98.15808258925813,
130752.0,129691.48000000003,1190.1109904530524,1454.51455476432,92.19545727462562,130752
131665.0,129735.88000000002,1221.095158289125,1475.2343896899067,79.79428751212099,131665
133818.0,129735.88000000002,1221.095158289125,1500.7631754669146,63.695684043527024,
133381.0,129735.88000000002,1221.095158289125,1522.6820449567092,48.116444691552445,
131701.0,129801.52000000002,1236.6548627637142,1537.6892738042684,40.78975742260071,131701
131192.0,129858.28000000001,1234.0405024135712,1549.1364359131471,31.28678586236607,131192
134099.0,129858.28000000001,1234.0405024135712,1564.0730085342318,33.4304103767059,
135057.0,129858.28000000001,1234.0405024135712,1583.5539620278014,59.469050011938066,
133107.0,129858.28000000001,1234.0405024135712,1600.3147012314403,76.41139460700312,
130986.0,129891.76000000001,1241.4514337649853,1620.1822280827782,84.88487738094473,130986
131342.0,129920.90000000001,1257.9409882809039,1642.522178668551,85.22689871843932,131342
131749.0,129967.68000000001,1281.3452999083177,1664.8392102412333,78.38175199997892,131749
130670.0,130022.92000000001,1250.5253910245629,1681.51272014203,74.13826841641902,130670
130662.0,130064.44000000002,1236.5126470833748,1695.9024096200171,66.96319652054953,130662
131864.0,130094.34000000001,1261.3416287418463,1710.316198108018,55.80460135653117,131864
131930.0,130142.70000000001,1284.2330668524046,1726.4185117632733,30.86145758557787,131930
130387.0,130194.70000000001,1239.660344609414,1735.4771971210253,7.182024517350747,130387
129336.0,130225.36000000002,1198.3991281693802,1736.3908408664402,7.424483709547143,129336
128679.0,130225.72000000002,1197.9317516441122,1739.0990237414853,12.82925347126458,128679
131316.0,130264.82000000002,1200.9708854077726,1741.3073937576617,15.1674219337842,131316
131236.0,130299.20000000003,1203.672796069234,1742.0039951861572,15.44871252512033,131236
128783.0,130303.12000000002,1198.397891185197,1745.7432822204546,18.73023612696277,128783
129727.0,130267.74000000002,1188.7324309520327,1750.6670288421512,22.005482230872,129727
130681.0,130260.48000000003,1185.0722212578985,1756.2585733894252,21.99849629770324,130681
130627.0,130269.04000000002,1186.1425034105848,1757.50298873535,20.6564040803584,130627
128800.0,130255.56000000003,1198.8628472002665,1755.643788760345,23.52744419694073,128800
130831.0,130245.36000000003,1191.7328183771438,1750.530747321165,32.96464964809798,130831
133718.0,130245.36000000003,1191.7328183771438,1746.2555033923757,36.336543521054374,
137499.0,130245.36000000003,1191.7328183771438,1755.9789652495253,51.59564055633754,
144885.0,130524.42000000003,2370.5071869954572,1839.093716954831,257.8981519524108,144885
156376.0,131052.04000000002,4324.511477426911,2093.3294354048066,776.9191185902079,156376
167204.0,131791.00000000003,6654.468294311503,2564.8026960634693,1518.6968017444203,167204
172261.0,132604.74000000002,8739.29354767289,3235.077304664601,2303.5469163025878,172261
164277.0,133266.38000000003,9795.936808473041,4003.755147730826,2896.4269809166635,164277
145479.0,133577.80000000005,9930.799714020868,4785.972285481453,3217.875782668826,145479
133335.0,133633.72000000006,9921.398532545549,5569.963981801102,3326.9199452528833,133335
132542.0,133684.50000000006,9909.175784594647,6356.995937859554,3242.353847666864,132542
131185.0,133719.48000000007,9897.196375216416,7139.202474181209,2955.2543877656035,131185
127152.0,133656.16000000006,9928.832822361193,7907.733812158956,2438.9028314471448,127152
127643.0,133595.82000000007,9955.988281812959,8608.370513001308,1710.1995449573997,127643
130291.0,133601.12000000005,9954.156869649833,9141.063287934183,939.0554114772813,130291
131012.0,133654.76000000007,9932.811206420714,9453.127460592561,324.211793483362,131012
129436.0,133684.58000000007,9917.851620366022,9566.852913680446,47.43305647743529,129436
129394.0,133700.92000000007,9910.093230318114,9585.179918830088,40.690737266177536,129394
134708.0,133801.72000000006,9894.179224250838,9594.033549664979,44.22209657699486,134708
135261.0,133937.34000000005,9866.740374834888,9603.364574100133,44.44001351732055,135261
134921.0,134080.06000000006,9828.2512491489,9612.818454226743,41.09905060480942,134921
133842.0,134175.06000000006,9802.50050835994,9624.506862634516,28.10494376351008,133842
134493.0,134264.76000000007,9784.462379834516,9632.907962905516,15.52954585168878,134493
134762.0,134353.64000000007,9768.37811872559,9635.564393655493,12.20100984781806,134762
136048.0,134487.86000000007,9744.602590172515,9634.785569575426,13.327605336483455,136048
134753.0,134589.98000000007,9720.060628391002,9633.584481346774,15.591061460844191,134753
135259.0,134717.64000000007,9686.033344480951,9630.870746707636,18.668156147451004,135259
136490.0,134858.22000000006,9659.692496741127,9625.512075502636,19.65894899947539,136490
136050.0,134976.38000000006,9637.388106515002,9618.99448175688,20.953153784878424,136050
135259.0,135065.24000000005,9619.083930520452,9611.150584514393,23.727786906089193,135259
135708.0,135098.84000000005,9618.33624773,9603.766052734793,24.981446347493915,135708
136260.0,135209.00000000006,9599.44386097428,9596.609369912627,24.20557679542888,136260
135544.0,135286.58000000005,9586.154054864588,9588.948708445187,21.887810539124054,135544
134095.0,135334.46000000005,9574.096649209092,9580.162835915027,21.21107435648259,134095
133523.0,135381.08000000005,9559.476004133112,9571.68955827285,23.296017111948427,133523
135099.0,135463.34000000005,9538.976443224754,9562.878896816748,26.945926958883557,135099
136038.0,135557.26000000007,9521.037046057365,9551.609559927507,32.397988583044864,136038
133774.0,135597.76000000007,9509.050931738497,9538.14874699105,37.88632782164883,133774
133416.0,135652.68000000008,9488.339084244237,9524.869430668026,41.968036033448556,133416
134638.0,135732.20000000007,9462.806609035015,9511.884986279394,46.47483400061412,134638
135776.0,135810.44000000006,9446.659005510719,9495.791761839107,52.30831283136983,135776
136112.0,135894.08000000007,9430.431230521579,9474.81802247764,60.87096857780268,136112
133450.0,135955.34000000008,9404.37091699369,9449.183940889645,71.95720280804973,133450
131824.0,136005.1000000001,9375.753967014958,9424.957746589125,77.12966622741767,131824
133744.0,136106.40000000008,9323.267528071727,9400.11908877108,79.86598953419936,133744
134594.0,136171.96000000008,9300.84983850383,9370.965176228909,86.35123964252683,134594
132666.0,136200.56000000008,9287.817334896112,9341.100367191004,92.62999830937422,132666
130890.0,136242.7000000001,9258.801871192443,9313.307077541447,93.50306764542502,130890
131965.0,136287.4600000001,9232.567142912998,9285.045196251893,89.69116925517635,131965
132714.0,136328.1200000001,9212.241164103156,9253.319848652922,85.97188917642904,132714
131445.0,136344.4800000001,9202.823558538796,9224.126584138216,78.59986232406942,131445
130057.0,136369.6200000001,9183.876847802167,9203.476834361578,67.18842201227636,130057
129669.0,136346.38000000012,9199.320289869065,9192.898084068649,58.0621788229495,129669
131912.0,136086.92000000013,9137.57561903576,9176.653213672198,47.60015968912569,131912
131612.0,135591.64000000013,8684.327766177235,9117.116240082532,147.9788703365189,131612
128790.0,134823.36000000013,7467.6445168739165,8941.75217516502,511.99196366188517,128790
127711.0,133932.36000000013,5286.965968341135,8551.659344491425,1199.8545673268923,127711
127083.0,133188.48000000013,3149.7591669201483,7948.103883245867,1988.2838194017204,127083
128042.0,132839.74000000014,2703.3221621548546,7301.413985276597,2477.192199481111,128042
128200.0,132737.04000000012,2779.0360772033214,6667.2323329823375,2729.1847376236096,128200
126923.0,132624.66000000012,2895.8095007091974,6045.459670233354,2808.161476850076,126923
127462.0,132550.20000000013,2978.552856673467,5428.231392396309,2735.1518943426167,127462
127229.0,132551.74000000014,2975.7800443577266,4805.877367845214,2504.6101428038533,127229
126601.0,132530.90000000014,3013.4936751215655,4193.469173453834,2083.9700398842624,126601
124214.0,132409.36000000013,3217.055428555391,3646.741939691683,1456.9069116235748,124214
124026.0,132269.64000000013,3420.0125950641973,3241.9787475107373,709.8982156137024,124026
126929.0,132219.50000000012,3479.0559825903574,3061.187748935675,242.26716568480626,126929
126823.0,132168.0800000001,3538.92098719338,3100.1039309629878,281.45572552472237,126823
124063.0,131955.1800000001,3696.411490567279,3199.4128638042075,298.61305170232663,124063
123156.0,131713.0800000001,3864.555337111615,3307.964789795014,322.42211574153407,123156
124905.0,131512.7600000001,3951.6887405763505,3413.552713781708,342.42965011277107,124905
126075.0,131357.4200000001,4009.313018909591,3516.6287300053,351.0041975591279,126075
125394.0,131175.4400000001,4068.916868946572,3625.9424124641628,335.41758197265136,125394
124365.0,130967.50000000009,4145.264653794497,3739.119510331434,298.5902079131664,124365
124656.0,130739.66000000009,4172.742386536466,3834.688206129523,267.5266827326677,124656
127818.0,130600.9600000001,4152.243407893867,3907.9112874124758,243.09967239173244,127818
127686.0,130449.50000000009,4117.545177651133,3971.7602069185396,202.54312069579777,127686
124808.0,130215.86000000009,4099.557083441837,4027.8238165433722,144.1485781017857,124808
124293.0,129980.72000000009,4095.3557942623474,4067.7182469128684,93.0585343473366,124293
126552.0,129806.58000000009,4052.1021659872067,4086.47292980042,64.84614168272849,126552
127916.0,129650.74000000009,3971.170677822629,4088.4211235250423,60.94267631952996,127916
128057.0,129486.6800000001,3862.6978470491667,4073.759606338996,89.2655602317842,128057
126587.0,129307.5400000001,3784.5321888442572,4045.321138328762,124.58931925820909,126587
127598.0,129177.6000000001,3729.0554514512555,4003.7002180944373,150.97590971172207,127598
128952.0,129086.1800000001,3677.0728613393485,3954.133265574726,167.77324005356863,128952
127458.0,128933.36000000009,3581.5429901647663,3897.0632238018175,186.67741934711452,127458
127023.0,128753.06000000008,3443.604712564787,3829.6691772931854,214.49413589476515,127023
127556.0,128628.70000000008,3371.559029588305,3756.8693719078356,233.2605093527897,127556
129959.0,128559.56000000008,3307.515545904273,3678.0853470720326,238.61710528940523,129959
129820.0,128463.20000000008,3197.373822373364,3592.6125127106543,242.38815242812962,129820
129496.0,128337.60000000008,3026.419772602353,3498.1374221886344,259.9101136280253,129496
129906.0,128213.48000000008,2825.629581101971,3394.430595593925,297.8832163424857,129906
131314.0,128170.76000000008,2761.5573835063624,3292.133115060146,321.09898942077785,131314
131349.0,128161.26000000008,2749.7654213402475,3194.2041120490558,322.24312264432086,131349
130192.0,128090.22000000009,2648.641457728569,3091.3609716879896,315.7713676807026,130192
129267.0,127983.6800000001,2487.0995029549053,2981.9166229670177,316.57359699700567,129267
129960.0,127929.5600000001,2412.958633379061,2878.85201504846,317.25740195314984,129960
132464.0,127961.0400000001,2461.1617578693485,2787.8122878765776,292.4628558415555,132464
132355.0,127968.8400000001,2474.421171587113,2704.5028504448737,247.80296854191323,132355
133298.0,127980.52000000009,2498.0575993356397,2634.571228141112,191.01220927904438,133298
133913.0,128029.88000000009,2588.762118387576,2590.805462719641,139.375539979916,133913
133986.0,128108.4600000001,2706.0741838313515,2578.849922992581,122.87008327410337,133986
134960.0,128214.2800000001,2863.8795228847343,2589.0821369304167,140.63550344935584,134960
137052.0,128317.0800000001,3078.941589832206,2621.9997537796075,200.27254405510558,137052
137440.0,128433.6400000001,3303.5917590402187,2687.494783910763,286.71463348610035,137440
136038.0,128578.60000000011,3470.834349259327,2785.8682685411914,360.380630969446,136038
132192.0,128668.2200000001,3504.959048490923,2895.068310052362,394.6549701868659,132192
129507.0,128716.7000000001,3499.45713075591,2998.897847341004,403.32749439646705,129507
130711.0,128770.0800000001,3509.1011717530137,3102.3658473575797,387.931186670945,130711
131545.0,128836.9800000001,3529.4219384480457,3205.5022812688067,348.6722332264506,131545
128371.0,128865.9400000001,3519.5250952931638,3298.5785789593538,291.08988122766664,128371
103998.0,128396.6600000001,4949.313187140055,3522.902479290201,521.3429154919087,103998
71259.0,127277.26000000011,9407.955137669327,4177.310040768624,1806.5166848098254,71259
51271.0,125770.6600000001,14204.56479250241,5289.8723610356055,3458.2727012533633,51271
39743.0,124081.2400000001,18624.774438967022,6821.990629028247,5196.122974770075,39743
32003.0,122240.7800000001,22650.89213456282,8739.996407558558,6874.106141783538,32003
26948.0,120241.1600000001,26272.402338088545,11016.740736518279,8370.647207071945,26948
23773.0,118180.1600000001,29516.895316655522,13618.484555108198,9585.055056474224,23773
19361.0,116086.12000000011,32580.277425853834,16525.60218051824,10447.820021220385,19361
16000.0,113943.00000000012,35443.28537367834,19716.988524041226,10856.78589884821,16000
13563.0,111716.16000000012,38083.949910879805,23173.431005599847,10649.95541451261,13563
11348.0,109421.62000000013,40527.449366023546,26731.244623488165,9882.705140332673,11348
10231.0,107118.36000000013,42764.966841450994,30066.945793866314,9068.591265903844,10231
9244.0,104815.94000000013,44823.87897289126,33128.87721190519,8335.413494304397,9244
7060.0,102464.02000000014,46764.30813109079,35942.83058111755,7688.7178688857675,7060
5674.0,100021.14000000013,48532.90147601321,38531.031515262584,7113.439684074364,5674
4776.0,97562.94000000013,50155.01592798477,40919.2928742522,6586.4659911439285,4776
4155.0,95149.88000000014,51665.82781090037,43134.18612367668,6084.6623944521925,4155
3186.0,92727.74000000014,53062.714563358015,45182.42983742709,5616.661193369294,3186
1519.0,90227.08000000013,54340.569100384,47072.158210097645,5184.386909367286,1519
1205.0,87692.86000000013,55466.78916144695,48810.44213515436,4777.492088934376,1205
1363.0,85158.98000000013,56450.117543009685,50402.70895285296,4389.166680986038,1363
1239.0,82652.02000000012,57331.11342211671,51859.32361091953,4013.7048078211465,1239
214.0,80104.34000000013,58102.354627884146,53187.17117641881,3646.1544988557835,214
417.0,77533.64000000013,58724.39595424045,54383.17995873377,3287.0616781952544,417
429.0,74993.06000000013,59254.989741087724,55455.388785241215,2933.601869992735,429
-1084.0,72430.92000000013,59717.680261992864,56411.65521864202,2588.2217951057733,-1084
-2441.0,69830.98000000013,60089.78488112278,57254.05092566426,2256.066828896222,-2441
-1876.0,67194.28000000013,60285.655872700045,57976.34505659846,1931.4402735145343,-1876
-1642.0,64565.04000000013,60363.70145872777,58578.65829243283,1617.3251605019336,-1642
-1770.0,61939.72000000013,60337.13871241836,59065.69324752997,1311.2551304818703,-1770
-2527.0,59291.06000000013,60202.04119144479,59440.88561237347,1011.7439127241499,-2527
-1754.0,56629.70000000013,59899.80664284331,59697.75493444613,730.4730508752068,-1754
-918.0,53984.36000000013,59460.61126317502,59833.58059797521,515.9803925018739,-918
-1158.0,51357.36000000013,58934.918954983026,59854.632898049465,472.7819619833414,-1158
-2614.0,48719.74000000013,58337.18836961907,59762.85276090259,639.8482539785349,-2614
-2489.0,46070.760000000126,57590.4293783474,59550.12767253804,914.2713518103975,-2489
-2102.0,43379.440000000126,56626.41442300951,59203.7906267267,1241.6238084496867,-2102
-1797.0,40696.400000000125,55514.2983008884,58726.65486954553,1599.4259195492211,-1797
-915.0,38012.14000000012,54201.11723793543,58110.396447466286,1989.584318730687,-915
-2141.0,35291.06000000012,52713.02332001477,57347.98490822592,2407.1767617716832,-2141
-3132.0,32548.70000000012,51047.576791949905,56432.53846827642,2848.0534219679334,-3132
-2754.0,29794.420000000122,49126.705193851776,55355.228323377254,3329.584999667911,-2754
-2895.0,26995.480000000123,46870.96427778741,54096.26362483848,3874.7904316411486,-2895
-3199.0,24182.700000000124,44308.57539449925,52633.62926879009,4484.788420726645,-3199
-3427.0,21393.400000000125,41478.71028515743,50947.78146034392,5144.065265616067,-3427
-2993.0,18689.700000000124,38464.79881775057,49035.21840428422,5828.680677716639,-2993
-2918.0,16041.200000000124,35160.41197483366,46888.61815946662,6546.2986089651195,-2918
-2186.0,13383.260000000124,31190.563972977903,44456.24472667555,7358.005143731155,-2186
-2763.0,10697.100000000124,26298.401541729258,41665.9731570549,8356.38062499442,-2763
-2577.0,8078.140000000124,20281.2246168822,38422.793286741595,9635.242433946665,-2577
-2004.0,5958.100000000124,14995.135959704701,34817.54920351701,10898.949893878478,-2004
-1710.0,4498.720000000124,11773.536291260558,31082.232313257795,11724.417900820263,-1710
-2138.0,3430.5400000001237,9726.414848670072,27367.777370345946,12014.303468926611,-2138
-2955.0,2576.5800000001236,8265.440431315797,23763.46387402746,11795.900811190022,-2955
-2957.0,1877.3800000001236,7150.017563309201,20330.594601842473,11116.489949563005,-2957
-2624.0,1285.9400000001235,6213.491657387994,17105.463885806024,10010.954198438201,-2624
-1742.0,775.6400000001236,5330.767632380004,14122.499451560436,8519.82155233059,-1742
-2431.0,339.8000000001236,4639.4467040834115,11467.387724670729,6737.854798948454,-2431
-1691.0,-14.019999999876404,4071.4767369629553,9244.695244193808,4892.073004216315,-1691
-1527.0,-315.8199999998764,3583.9799535754364,7574.97077786281,3488.304772499986,-1527
-2247.0,-587.7199999998763,3181.9298989183676,6393.650171783828,2682.675436076887,-2247
-2749.0,-847.3199999998764,2794.6044975328296,5495.756992410671,2188.956565227121,-2749
-3338.0,-1098.9599999998763,2415.339843258249,4764.6494918690505,1848.2594673675303,-3338
-2906.0,-1298.2799999998763,2127.9270198084405,4150.898150717823,1583.9978438271542,-2906
-3197.0,-1475.6999999998764,1896.4294160423885,3625.5393359905956,1357.1435029158097,-3197
-2838.0,-1627.9799999998763,1681.8732115206876,3172.3774914032533,1159.5330563117761,-2838
-1560.0,-1742.2799999998763,1465.219533595884,2785.8226815241433,1010.2803159853027,-1560
-2135.0,-1848.6999999998764,1285.6394401351286,2450.441955128522,888.621887704574,-2135
-2637.0,-1931.8199999998765,1196.4782102616778,2162.9421024575613,775.5384097375188,-2637
-3650.0,-2028.9199999998764,1133.305675284039,1917.8746746275697,667.4444101076369,-3650
-3341.0,-2122.9999999998763,1039.1628169016801,1703.5979664249855,563.0252434788281,-3341
-2461.0,-2196.9999999998763,922.2837741341071,1516.3658940840874,473.2412043559905,-2461
-2937.0,-2260.0199999998763,861.0048894350533,1360.932398700712,402.4078211571818,-2937
-3602.0,-2340.3999999998764,792.1855590902225,1227.35825262777,342.94201245728453,-3602
-3432.0,-2417.619999999876,701.4522903456138,1107.8605400568229,293.6351589077027,-3432
-3260.0,-2461.139999999876,684.6623696619511,1008.1394558697243,247.4629797776716,-3260
-2826.0,-2468.839999999876,686.5548881415965,930.2729913232001,211.244369715111,-2826
-2701.0,-2485.339999999876,682.0074372256686,869.909791031279,185.78351657148326,-2701
-2982.0,-2512.139999999876,674.6294393451348,817.7249139387086,157.92720464088052,-2982
-3461.0,-2545.9599999998763,678.9494520442146,772.2892916138891,121.8332769823956,-3461
-2726.0,-2549.9399999998764,679.4097559140141,736.3139855143999,85.37937513037015,-2726
-3248.0,-2579.8199999998765,676.5945223183141,711.7450603322609,59.867944798357065,-3248
-4215.0,-2579.8199999998765,676.5945223183141,692.8513733082716,34.01141729765872,
-3036.0,-2622.1799999998766,636.3292132466952,677.5891945344245,14.868463671268216,-3036
-2836.0,-2655.7399999998765,601.5201679338495,671.4277308179998,16.391483469960118,-2836
-3296.0,-2669.3799999998764,608.1153473077044,667.4394536543202,17.50060305752835,-3296
-3951.0,-2669.3799999998764,608.1153473077044,664.9831117855795,16.329897786652836,
-3242.0,-2684.4399999998764,612.767987439923,661.9438391659484,15.694490498275735,-3242
-3328.0,-2708.9599999998763,613.4998275722494,654.4559499148621,23.68452369779184,-3328
-3157.0,-2736.159999999876,602.514376949784,645.9258116609903,28.248187054162692,-3157
-2691.0,-2771.679999999876,543.5717226191915,637.2343127278295,29.929719745551722,-2691
-2046.0,-2769.779999999876,545.9337795293444,629.8255132416792,28.400301259180136,-2046
-2855.0,-2764.239999999876,543.630556932917,622.8613941660269,25.587184669484845,-2855
-3621.0,-2781.5799999998762,556.6975513069891,619.9703541399393,25.166496564985916,-3621
-2587.0,-2775.4199999998764,557.1123438151377,616.5203456544375,24.564015874655464,-2587
-2257.0,-2756.5799999998762,558.3959201419648,612.9974520915738,22.715175786163297,-2257
-1860.0,-2725.239999999876,563.8365564870585,609.0990326241321,16.454781010518975,-1860
-3256.0,-2730.4999999998763,567.5246338540602,606.0317120048455,9.727152010412713,-3256
-3772.0,-2730.4999999998763,567.5246338540602,609.6461842601774,12.914758176731917,
-3158.0,-2735.2999999998765,570.0992633140182,613.9617862616275,14.011701259633499,-3158
-2905.0,-2749.6799999998766,565.1086069342688,617.3137893326177,12.390966934103506,-2905
-3805.0,-2749.6799999998766,565.1086069342688,618.9577800085406,11.36549201120278,
-3327.0,-2760.959999999877,570.8615580254049,619.9808741060468,10.235695602147652,-3327
-3047.0,-2770.359999999877,571.6240988894668,620.2091903082714,10.048849631484092,-3047
-3637.0,-2803.0199999998767,573.5525953486768,621.8089717321933,8.74244789005825,-3637
-3470.0,-2838.2199999998766,559.2199313608303,623.3021528681604,7.738795234046257,-3470
-3528.0,-2866.0199999998767,558.2686267660208,621.5771480542846,9.36413682408807,-3528
-2688.0,-2860.6799999998766,558.6687906364712,619.7026595115527,11.031474791122594,-2688
-2606.0,-2853.6599999998766,559.6188206549308,613.7200889606312,15.813504605678757,-2606
-2790.0,-2856.979999999877,558.738203124877,603.7768309961252,26.09256587680976,-2790
-3082.0,-2883.779999999877,536.3014186362208,593.7568386578743,33.74575097351624,-3082
-3446.0,-2904.079999999877,537.9858303256955,584.5755696705568,37.8799697215267,-3446
-2610.0,-2922.4599999998773,511.2624848658783,576.2254624329944,39.91781514113343,-2610
-2220.0,-2936.3199999998774,481.7883950773782,569.0529875661865,39.112824799004635,-2220
-2562.0,-2942.6199999998776,474.7414408193553,561.3693949133509,35.46432258451461,-2562
-2416.0,-2935.9599999998777,479.72062539694474,553.9607316954638,28.57526379907496,-2416
-2595.0,-2921.0999999998776,478.54300750427035,544.7755389395124,24.986676748302212,-2595
-3086.0,-2924.6999999998775,479.0926111215169,534.3488040488833,20.133466002866125,-3086
-3515.0,-2931.0599999998776,484.7426290633356,526.6132151602224,17.27545022203067,-3515
-3659.0,-2947.4799999998777,495.1065841121875,522.7687900978246,18.674546886526617,-3659
-3233.0,-2980.9399999998777,455.1256710308118,519.9823595321585,20.040984435142107,-3233
-3380.0,-3005.839999999878,442.03173464272095,516.510133908951,21.458932198924927,-3380
-3768.0,-3028.4599999998777,451.4169784481509,513.7229639252963,21.445381264256635,-3768
-3678.0,-3029.0199999998777,452.20435605073345,509.894876101754,19.527760929959577,-3678
-3244.0,-3027.0799999998776,451.06841347101437,505.55615578968576,15.826392669076672,-3244
-3441.0,-3046.6799999998775,447.3211571469237,500.81195050751813,5.252114870808356,-3441
-3612.0,-3060.1799999998775,453.943947675554,500.07254007601387,3.6252646364914423,-3612
-3625.0,-3060.6399999998775,454.50407086325004,501.0805367992113,4.238660493065462,-3625
-4471.0,-3060.6399999998775,454.50407086325004,505.3060610800213,12.596002443439689,
-3086.0,-3053.7199999998775,451.4208254292933,509.34867792989553,15.942707826120321,-3086
-1943.0,-3053.7199999998775,451.4208254292933,515.7946054866404,21.935746913258438,
-2382.0,-3036.1599999998775,460.0494912846445,523.753505943617,26.058895861705185,-2382
-2418.0,-3027.9999999998777,467.266562072719,529.4639397395334,26.757011739978722,-2418
-1507.0,-3027.9999999998777,467.266562072719,539.2196101402855,32.477693297401835,
-1276.0,-3027.9999999998777,467.266562072719,554.0607435455292,43.65800022374724,
-1986.0,-3027.9999999998777,467.266562072719,570.1879158126519,50.97421723759458,
-3224.0,-3038.4599999998777,465.68054332477834,584.636553511411,51.353240015214034,-3224
