sample,zeroedSample,scaledSample,zeroedScaledSample,zeroedSampleAverage,zeroedScaledSampleAverage,sampleStd,scaledSampleStd,stbck,steadyAverage,
275519.0,161992.72727272726,2483.947231594216,1460.4487764817952,161992.72727272726,1460.4487764817952,0.0,0.0,2.0,
273798.0,160271.72727272726,2468.4315205703897,1444.9330654579687,161132.22727272726,1452.690920969882,860.5,7.757855511913236,1.0,
263798.0,150271.72727272726,2378.276314156523,1354.7778590441021,157512.06060606058,1420.0532336612885,5167.673901820382,46.58927072981688,1.0,
265658.0,152131.72727272726,2395.045182549502,1371.5467274370812,156166.97727272726,1407.9266071052368,5045.432358827134,45.4871995757263,2.0,
271229.0,157702.72727272726,2445.2706480426673,1421.7721929302463,156474.1272727273,1410.695724270239,4554.390699094659,41.0602033566274,3.0,
272638.0,159111.72727272726,2457.973516626381,1434.4750615139603,156913.72727272726,1414.6589471441923,4272.1933866964955,38.51604766175791,4.0,
274386.0,160859.72727272726,2473.732646707525,1450.2341915951042,157477.44155844153,1419.7411249228937,4189.37972614036,37.76943939562528,1.0,
273401.0,159874.72727272726,2464.852358875759,1441.3539037633382,157777.10227272726,1422.4427222779495,3998.2015312356343,36.045868433278685,2.0,
273769.0,160242.72727272726,2468.170070471789,1444.6716153593686,158051.06060606058,1424.9125992869958,3848.358264680319,34.69495337067643,3.0,
276042.0,162515.72727272726,2488.662348889661,1465.1638937772404,158497.52727272725,1428.9377287360205,3888.8131299922343,35.05967504394052,1.0,
275224.0,161697.72727272726,2481.287653005007,1457.7891978925861,158788.4545454545,1431.5605895684353,3820.268079382273,34.44170572530152,1.0,
273591.0,160064.72727272726,2466.5653077976226,1443.0668526852016,158894.81060606058,1432.519444828166,3674.5981970444386,33.128415894256406,1.0,
272713.0,159186.72727272726,2458.649680674485,1435.1512255620642,158917.2657342657,1432.7218895000042,3531.2965937649747,31.836477331946593,2.0,
269538.0,156011.72727272726,2430.025402638082,1406.5269475256616,158709.72727272726,1430.8508222161229,3484.1464008932167,31.411393794865898,3.0,
268716.0,155189.72727272726,2422.6146446708626,1399.1161895584416,158475.06060606058,1428.7351800389438,3478.641874192987,31.361767620778913,4.0,
269887.0,156360.72727272726,2433.171819341926,1409.6733642295055,158342.91477272726,1427.5438165508542,3406.842787294969,30.714461470817117,5.0,
268173.0,154646.72727272726,2417.7192169625896,1394.2207618501686,158125.4919786096,1425.5836368625785,3417.630853459606,30.811721504005046,6.0,
267807.0,154280.72727272726,2414.419536407842,1390.9210812954211,157911.89393939395,1423.6579393310699,3436.1185506970583,30.978397720061004,1.0,
268291.0,154764.72727272726,2418.783048398273,1395.2845932858525,157746.25358851676,1422.1646053286902,3417.5071919752017,30.810606631339855,2.0,
266314.0,152787.72727272726,2400.9593640902517,1377.460908977831,157498.3272727273,1419.9294205111473,3501.8951069385307,31.571407620575332,3.0,
267504.0,153977.72727272726,2411.687833653502,1388.189378541081,157330.6796536797,1418.4179899411442,3498.7738733419287,31.543268074658574,4.0,
268121.0,154594.72727272726,2417.2504098892373,1393.7519547768165,157206.3181818182,1417.2968065245839,3465.5117641107677,31.243392842308985,5.0,
266984.0,153457.72727272726,2406.9997629199806,1383.50130780756,157043.33596837948,1415.827437015148,3474.4781245800514,31.324229250197927,6.0,
268611.0,155084.72727272726,2421.6680150035168,1398.169559891096,156961.72727272732,1415.0916921349794,3423.766614904321,30.8670385879605,7.0,
269025.0,155498.72727272726,2425.400440549051,1401.9019854366302,156903.2072727273,1414.5641038670453,3366.820590646324,30.35364053081762,8.0,
268899.0,155372.72727272726,2424.2644849482363,1400.7660298358155,156844.3426573427,1414.0334087119982,3314.532686366835,29.882237850491038,9.0,
270311.0,156784.72727272726,2436.994400093874,1413.4959449814535,156842.13468013474,1414.013502647904,3252.5928262354832,29.32381776295223,10.0,
268090.0,154563.72727272726,2416.9709287493542,1393.4724736369337,156760.76298701306,1413.279894468941,3221.847656260788,29.046634048422423,11.0,
267618.0,154091.72727272726,2412.71560300662,1389.2171478941991,156668.72727272732,1412.450144587053,3203.051185440502,28.877174077756916,12.0,
267985.0,154458.72727272726,2416.024299082009,1392.525843969588,156595.06060606064,1411.7860012331375,3174.1028478751246,28.616189742902424,13.0,
265152.0,151625.72727272726,2390.4833291049604,1366.9848739925396,156434.7595307918,1410.340803580215,3243.582005247588,29.24258052034002,14.0,
265499.0,151972.72727272726,2393.6117147675213,1370.1132596551008,156295.32102272726,1409.0836928325548,3285.541734814981,29.620869328361852,15.0,
265547.0,152020.72727272726,2394.044459758308,1370.5460046458873,156165.78787878787,1407.9158840996256,3317.317069829404,29.90734051707136,16.0,
262595.0,149068.72727272726,2367.4306428249347,1343.9321877125137,155957.050802139,1406.034010676475,3481.203322387159,31.384860409845313,17.0,
262903.0,149376.72727272726,2370.2074231824818,1346.708968070061,155769.04155844156,1404.339009459149,3601.9911142226406,32.47382524036561,18.0,
261131.0,147604.72727272726,2354.2319206059447,1330.7334654935237,155542.25505050507,1402.2944110156598,3796.5860796694174,34.22820016806096,19.0,
258105.0,144578.72727272726,2326.9509551451083,1303.4525000326876,155245.94348894354,1399.6230080161201,4145.517580146623,37.37399931304323,20.0,
259782.0,146255.72727272726,2342.069983260714,1318.571528148293,155009.35885167468,1397.4900743353878,4336.363176800136,39.094571728990736,21.0,
261236.0,147709.72727272726,2355.17855027329,1331.6800951608693,154822.18881118883,1395.8026389719384,4433.185119054121,39.967471947920686,22.0,
260571.0,147044.72727272726,2349.183229046768,1325.6847739343473,154627.7522727273,1394.0496923459987,4542.710553664535,40.95490076440772,23.0,
262337.0,148810.72727272726,2365.104638499457,1341.606183387036,154485.8736141907,1392.7705823713898,4575.814561956548,41.253350634476995,1.0,
262466.0,148939.72727272726,2366.267640662196,1342.7691855497749,154353.82251082253,1391.5800729232562,4599.401098743219,41.46599554373606,2.0,
262968.0,149441.72727272726,2370.793432024172,1347.294976911751,154239.5877378436,1390.5501869695004,4605.497592394705,41.52095860809111,3.0,
265765.0,152238.72727272726,2396.0098432581303,1372.5113881457096,154194.11363636368,1390.1402142689597,4562.61638066219,41.13436215858895,4.0,
265510.0,151983.72727272726,2393.710885494577,1370.212430382156,154144.993939394,1389.6973746270307,4523.385744722167,40.78067755049695,5.0,
268209.0,154682.72727272726,2418.0437757056793,1394.5453205932586,154156.68379446646,1389.8027647567314,4474.635539963127,40.34116907321999,1.0,
267968.0,154441.72727272726,2415.8710352311055,1392.3725801186845,154162.7485493231,1389.8574416793265,4426.9681978843455,39.9114231667887,2.0,
265633.0,152106.72727272726,2394.8197945334673,1371.3213394210466,154119.91477272732,1389.4712728822788,4390.44271048041,39.582126881161805,3.0,
268319.0,154792.72727272726,2419.035482976232,1395.537027863811,154133.64564007425,1389.5950638002691,4346.452514720943,39.185532363273694,4.0,
266956.0,153429.72727272726,2406.747328342022,1383.248873229601,154119.5672727273,1389.4681399888555,4303.896873113963,38.80187109795851,5.0,
264376.0,150849.72727272726,2383.4872850872443,1359.9888299748236,153896.7072727273,1387.4589410587162,4177.076228607775,37.65851695965901,6.0,
268375.0,154848.72727272726,2419.5403521321496,1396.0418970197288,153788.24727272728,1386.4811176899514,4079.400873853925,36.777922782720914,7.0,
267682.0,154155.72727272726,2413.2925963276684,1389.794141215248,153865.92727272728,1387.181443333374,4048.5626931048214,36.49990052763455,8.0,
266821.0,153294.72727272726,2405.5302330554346,1382.0317779430138,153889.1872727273,1387.391144343493,4041.8677920486416,36.439542508970526,9.0,
267831.0,154304.72727272726,2414.6359089032353,1391.1374537908146,153821.22727272726,1386.778449560704,4005.5796596747596,36.11238610251642,10.0,
266661.0,153134.72727272726,2404.0877497528127,1380.5892946403922,153701.6872727273,1385.7007342232328,3934.4652036077487,35.4712522559433,11.0,
267069.0,153542.72727272726,2407.7660821744985,1384.2676270620777,153555.34727272726,1384.3814029325722,3799.257253148327,34.25228218769679,12.0,
267875.0,154348.72727272726,2415.0325918114563,1391.5341366990356,153444.82727272724,1383.3850075912858,3692.700742004444,33.29161976200496,13.0,
266322.0,152795.72727272726,2401.0314882553826,1377.533033142962,153295.88727272724,1382.0422359469578,3563.432807616858,32.12620203126426,14.0,
267555.0,154028.72727272726,2412.1476252062125,1388.6491700937918,153126.14727272725,1380.5119414732887,3313.5892629594505,29.873732397288194,15.0,
270126.0,156599.72727272726,2435.326528775218,1411.828073662797,153024.18727272723,1379.592718988693,3121.114135753474,28.138468915009184,16.0,
269932.0,156405.72727272726,2433.5775177707887,1410.0790626583678,152951.00727272723,1378.9329631881562,2995.548417502235,27.006428590264598,17.0,
270636.0,157109.72727272726,2439.924444302325,1416.4259891899042,152909.46727272726,1378.5584584607132,2922.2935705367017,26.34599800536521,18.0,
269738.0,156211.72727272726,2431.8285067663596,1408.3300516539389,152913.46727272726,1378.5945205432788,2926.670769389708,26.38546073197594,19.0,
270173.0,156646.72727272726,2435.750258245363,1412.251803132942,152942.60727272727,1378.8572328147688,2956.293298304507,26.652523252857385,20.0,
274269.0,160742.72727272726,2472.677830792483,1449.1793756800619,153030.24727272728,1379.6473530437802,3116.9144758238294,28.10060679422667,21.0,
275726.0,162199.72727272726,2485.8134443669833,1462.3149892545623,153181.30727272728,1381.009237591868,3364.768022256532,30.33513555813159,22.0,
275424.0,161897.72727272726,2483.090757133284,1459.5923020208636,153333.6472727273,1382.3826620063771,3576.842383108337,32.247096335899926,23.0,
277528.0,164001.72727272726,2502.0594125627617,1478.560957450341,153518.3872727273,1384.0481892896669,3872.321188176429,34.910991602083584,24.0,
277184.0,163657.72727272726,2498.958073462125,1475.459618349704,153735.78727272732,1386.0081634771045,4122.26341424224,37.164350900334036,25.0,
277499.0,163972.72727272726,2501.7979624641616,1478.2995073517409,153935.68727272734,1387.810366053318,4364.3812572230745,39.347169311375765,1.0,
279114.0,165587.72727272726,2516.358028300001,1492.8595731875803,154155.54727272733,1389.792518421533,4658.991241416969,42.00323170503443,2.0,
279452.0,165925.72727272726,2519.40527427679,1495.9068191643692,154404.90727272732,1392.040628648669,4940.143992597787,44.53797013668774,3.0,
280354.0,166827.72727272726,2527.5372738953206,1504.0388187828999,154639.7672727273,1394.158013826505,5237.093609856519,47.215125540535716,4.0,
278337.0,164810.72727272726,2509.3529687616438,1485.854513649223,154826.0072727273,1395.8370643907567,5426.479193878843,48.92253518247005,5.0,
275925.0,162398.72727272726,2487.607532974619,1464.1090778621983,154966.5272727273,1397.1039253512845,5528.822142192671,49.84521014549373,6.0,
276662.0,163135.72727272726,2494.251971687321,1470.7535165749002,155093.54727272733,1398.2490767831537,5640.9520249333755,50.85611941785882,7.0,
275920.0,162393.72727272726,2487.562455371412,1464.0640002589912,155250.1472727273,1399.6609073155946,5732.02011193261,51.677145635972025,8.0,
272093.0,158566.72727272726,2453.0600578768253,1429.5616027644046,155339.6472727273,1400.4677964129987,5748.147495811144,51.822542398220506,9.0,
270402.0,156875.72727272726,2437.81481247224,1414.3163573598197,155387.98727272733,1400.9036066808037,5750.698506477271,51.84554108753737,10.0,
266158.0,152631.72727272726,2399.5529428701952,1376.0544877577745,155408.10727272733,1401.0849989561082,5739.248720485976,51.7423153055934,11.0,
264462.0,150935.72727272726,2384.2626198624034,1360.7641647499827,155387.36727272734,1400.898017058006,5753.4817867444335,51.87063380823675,12.0,
264798.0,151271.72727272726,2387.2918347979094,1363.7933796854886,155372.38727272736,1400.762964558798,5763.194671742394,51.95820052342327,1.0,
264912.0,151385.72727272726,2388.3196041510278,1364.8211490386068,155418.72727272738,1401.1807437853204,5721.486869686928,51.582182973085345,2.0,
266437.0,152910.72727272726,2402.068273129142,1378.5698180167215,155489.40727272737,1401.8179607842535,5667.989267597452,51.09987423718299,3.0,
267019.0,153492.72727272726,2407.315306142429,1383.8168510300086,155607.16727272738,1402.8796284949833,5563.147127876439,50.15466776244105,4.0,
265117.0,151590.72727272726,2390.167785882512,1366.669330770091,155747.40727272737,1404.1439651097312,5368.337241418412,48.39835520993251,5.0,
267984.0,154457.72727272726,2416.0152835613676,1392.5168284489466,155911.44727272735,1405.6228711157441,5198.419117539467,46.866454856756185,6.0,
270357.0,156830.72727272726,2437.409114043378,1413.9106589309572,156093.86727272734,1407.2674823911457,5065.749851739601,45.67037235245987,7.0,
268946.0,155419.72727272726,2424.6882144183814,1401.1897593059607,156261.36727272734,1408.777582098578,4899.501598162792,44.17155779074367,8.0,
271181.0,157654.72727272726,2444.8379030518804,1421.33944793946,156438.24727272734,1410.3722473896264,4785.647050253469,43.14509976395142,9.0,
271733.0,158206.72727272726,2449.814470445926,1426.3160153335052,156623.58727272737,1412.0431839853013,4669.696045825649,42.099741090142885,10.0,
270757.0,157230.72727272726,2441.0153222999324,1417.516867187512,156779.3672727274,1413.4476217908168,4556.049151446862,41.07515516804144,11.0,
272988.0,159461.72727272726,2461.1289488508664,1437.6304937384455,156923.82727272742,1414.7500039026718,4524.187004313552,40.78790132288219,12.0,
273158.0,159631.72727272726,2462.661587359902,1439.1631322474814,157076.78727272744,1416.1290179399784,4483.685311928078,40.422757479169846,13.0,
273144.0,159617.72727272726,2462.5353700709225,1439.036914958502,157175.48727272745,1417.0188498272832,4484.215577155001,40.427538096268584,14.0,
273105.0,159578.72727272726,2462.1837647659086,1438.6853096534878,157278.22727272744,1417.9451044179793,4479.249514148493,40.38276645272699,15.0,
270907.0,157380.72727272726,2442.3676503961406,1418.8691952837198,157383.70727272742,1418.8960615352325,4417.903581971825,39.829700934923125,16.0,
271893.0,158366.72727272726,2451.256953748548,1427.7584986361271,157455.1872727274,1419.5404909506788,4404.296276183002,39.70702398871033,17.0,
273986.0,160459.72727272726,2470.1264384509705,1446.6279833385495,157595.78727272738,1420.8080731528576,4385.7172704586665,39.53952457910614,18.0,
271072.0,157545.72727272726,2443.8552113019696,1420.3567561895486,157729.70727272736,1422.0154316771518,4278.60316220135,38.57383512512858,19.0,
270792.0,157265.72727272726,2441.3308655223814,1417.8324104099604,157778.0472727274,1422.4512419449568,4259.39114165386,38.40062875731994,20.0,
271142.0,157615.72727272726,2444.4862977468665,1420.9878426344458,157847.2472727274,1423.0751159733409,4227.96962732697,38.117347446322235,21.0,
271058.0,157531.72727272726,2443.72899401299,1420.2305389005694,157931.9872727274,1423.8390911924919,4178.041238714542,37.667217028195715,22.0,
272119.0,158592.72727272726,2453.2944614135013,1429.7960063010805,158017.7472727274,1424.6122622426972,4146.596804561461,37.38372908303189,23.0,
271816.0,158289.72727272726,2450.5627586591613,1427.0643035467403,158120.84727272738,1425.541762420824,4087.5710667337994,36.85158132527353,24.0,
274029.0,160502.72727272726,2470.5141058385498,1447.015650726129,158260.0472727274,1426.7967228941052,4047.609662207963,36.49130845791205,25.0,
277184.0,163657.72727272726,2498.958073462125,1475.459618349704,158446.22727272738,1428.4752325271184,4077.402542060229,36.7599067811865,26.0,
277649.0,164122.72727272726,2503.1502905603697,1479.6518354479488,158672.76727272736,1430.517608573218,4071.827741739472,36.70964705382311,27.0,
278939.0,165412.72727272726,2514.7803121877587,1491.2818570753377,158900.44727272735,1432.5702623128489,4123.729142608559,37.177565204675254,28.0,
282824.0,169297.72727272726,2549.8056098795455,1526.307154767125,159154.40727272737,1434.8598439349355,4358.537453963093,39.2944843824612,29.0,
282732.0,169205.72727272726,2548.976181980538,1525.4777268681173,159410.40727272737,1437.1678172191305,4560.788153115535,41.117879735404934,30.0,
283939.0,170412.72727272726,2559.8579153946916,1536.3594602822711,159676.46727272737,1439.566486640978,4800.537364962277,43.27934370356542,31.0,
286423.0,172896.72727272726,2582.252468667896,1558.7540135554757,160010.16727272738,1442.5749658790087,5117.540456742759,46.137291620895745,32.0,
284550.0,171023.72727272726,2565.366398506579,1541.8679433941584,160297.70727272736,1445.167288684233,5320.362448141934,47.965837470882164,33.0,
285381.0,171854.72727272726,2572.8582961595716,1549.3598410471507,160519.94727272735,1447.1708979915745,5560.953095612189,50.13488741927483,1.0,
286377.0,172850.72727272726,2581.8377547183927,1558.3392996059717,160732.96727272737,1449.091384198603,5819.222568556623,52.463321183645434,2.0,
285945.0,172418.72727272726,2577.9430498013135,1554.4445946888927,160943.38727272736,1450.9884300519634,6043.432894009719,54.484694000779854,3.0,
287080.0,173553.72727272726,2588.1756657292876,1564.6772106168667,161134.42727272733,1452.7107551152938,6283.305618064322,56.64727149579977,4.0,
285253.0,171726.72727272726,2571.704309517474,1548.2058544050533,161295.80727272734,1454.1656798364006,6447.517469041759,58.12772682784717,5.0,
283618.0,170091.72727272726,2556.9639332688066,1533.4654781563859,161418.18727272734,1455.2689992524936,6554.353576699889,59.09090996168445,6.0,
284279.0,170752.72727272726,2562.9231924127635,1539.4247373003425,161521.48727272733,1456.2003025347487,6659.117913237354,60.03541500021914,7.0,
283108.0,169581.72727272726,2552.3660177416996,1528.8675626292788,161594.60727272733,1456.859517404047,6726.805157398169,60.645650747109556,8.0,
282255.0,168728.72727272726,2544.6757786345966,1521.1773235221758,161632.62727272735,1457.2022874988327,6761.557850820963,60.958964372006534,9.0,
282146.0,168619.72727272726,2543.6930868846857,1520.1946317722648,161708.80727272734,1457.8890898612933,6818.155624037822,61.46922276469965,10.0,
280472.0,166945.72727272726,2528.6011053310044,1505.1026502185834,161799.74727272734,1458.708961308421,6856.9645514322565,61.81910545069425,11.0,
280760.0,167233.72727272726,2531.1975752757235,1507.6991201633027,161881.70727272736,1459.4478733801893,6896.818929013473,62.178413414427325,12.0,
280960.0,167433.72727272726,2533.000679404001,1509.5022242915802,161982.50727272735,1460.3566378608411,6940.259788480437,62.57005537963132,1.0,
280180.0,166653.72727272726,2525.9685733037195,1502.4701181912985,162144.24727272734,1461.814808169379,6952.99223137769,62.684844981386775,2.0,
280240.0,166713.72727272726,2526.5095045422026,1503.0110494297817,162341.00727272735,1463.5887020107782,6940.305710961043,62.570469394703125,3.0,
278750.0,165223.72727272726,2513.076378786536,1489.5779236741157,162592.84727272738,1465.8591707291052,6810.669504945782,61.40173150350149,4.0,
277647.0,164120.72727272726,2503.132259519087,1479.633804406666,162856.5472727274,1468.236563522239,6606.406044711328,59.560190061476696,5.0,
278495.0,164968.72727272726,2510.7774210229827,1487.278965910562,163130.4872727274,1470.7062752467405,6401.142296684109,57.70963050420891,6.0,
276893.0,163366.72727272726,2496.3345569554813,1472.8361018430605,163370.1072727274,1472.8665743028296,6177.340317288521,55.691939139384786,7.0,
275531.0,162004.72727272726,2484.0554178419125,1460.556962729492,163551.9872727274,1474.506317197085,5997.98013604565,54.074913723146835,8.0,
276899.0,163372.72727272726,2496.3886500793296,1472.890194966909,163749.58727272737,1476.2877840758229,5823.537447325135,52.50222206224804,9.0,
276622.0,163095.72727272726,2493.8913508616656,1470.3928957492449,163979.68727272734,1478.3622553754055,5559.895279445297,50.12535065578743,10.0,
277564.0,164037.72727272726,2502.383971305852,1478.885516193431,164171.28727272732,1480.0896291302952,5390.958902310244,48.60230126064528,1.0,
278510.0,164983.72727272726,2510.9126538326036,1487.4141987201829,164334.34727272732,1481.5596999260797,5288.797034827301,47.681258835590185,2.0,
277270.0,163743.72727272726,2499.733408237284,1476.2349531248633,164500.8272727273,1483.0606038024575,5134.318467917435,46.28855412696245,3.0,
277143.0,163616.72727272726,2498.588437115828,1475.0899820034072,164620.0672727273,1484.1356144837364,5042.3465672638995,45.45937955819294,4.0,
275861.0,162334.72727272726,2487.0305396535705,1463.5320845411495,164702.6272727273,1484.8799358678891,4969.937598199602,44.80657500297224,5.0,
272529.0,159002.72727272726,2456.99082487647,1433.492369764049,164738.0672727273,1485.19944591942,4922.622791195566,44.380007383784125,6.0,
274023.0,160496.72727272726,2470.4600127147014,1446.961557602281,164758.7672727273,1485.3860671966968,4902.526968655861,44.19883308087177,7.0,
273413.0,159886.72727272726,2464.9605451234556,1441.462090011035,164763.86727272728,1485.4320463519678,4897.320630752904,44.15189523404163,8.0,
272693.0,159166.72727272726,2458.4693702616573,1434.9709151492366,164754.84727272726,1485.3507263557822,4907.195979945983,44.240926648532735,1.0,
274645.0,161118.72727272726,2476.067666553644,1452.5692114412234,164785.64727272725,1485.6284043915368,4879.365404803992,43.99001952387845,2.0,
273609.0,160082.72727272726,2466.7275871691677,1443.2291320567467,164839.68727272723,1486.115603126997,4811.546399900766,43.37859588529511,3.0,
274366.0,160839.72727272726,2473.5523362946974,1450.0538811822764,164889.14727272725,1486.5615107779204,4757.156907607528,42.88824629485089,4.0,
274765.0,161238.72727272726,2477.1495290306107,1453.6510739181897,164904.72727272726,1486.7019725895132,4743.8818703671395,42.76856492259498,5.0,
273878.0,160351.72727272726,2469.1527622217004,1445.6543071092797,164960.84727272726,1487.2079236079078,4672.554366253862,42.12551033696314,6.0,
274750.0,161223.72727272726,2477.0142962209898,1453.5158411085688,165040.00727272723,1487.9215922218798,4574.005015475828,41.23703663082852,7.0,
276953.0,163426.72727272726,2496.8754881939644,1473.3770330815437,165156.2272727272,1488.9693760308214,4456.194516624923,40.17491364666613,8.0,
275736.0,162209.72727272726,2485.903599573397,1462.405144460976,165249.7872727272,1489.8128681420296,4342.797869622537,39.152583834952075,9.0,
278281.0,164754.72727272726,2508.848099605726,1485.3496444933053,165373.0272727272,1490.923940905874,4238.310744860275,38.21057800489876,10.0,
278446.0,164919.72727272726,2510.335660511555,1486.837205399134,165505.62727272717,1492.1193989429216,4116.593500699101,37.11323367775099,11.0,
278077.0,164550.72727272726,2507.008933394883,1483.5104782824624,165586.5872727272,1492.8492954940484,4056.7775438638605,36.57396168421858,12.0,
280325.0,166798.72727272726,2527.2758237967205,1503.7773686842995,165649.4072727272,1493.4156505007404,4050.737381958759,36.51950647988583,13.0,
278498.0,164971.72727272726,2510.804467584907,1487.3060124724861,165666.38727272718,1493.568734041231,4046.0789641822494,36.477508418265494,14.0,
277825.0,164298.72727272726,2504.737022193254,1481.238567080833,165644.10727272715,1493.3678682413408,4050.47918098564,36.51717866368304,15.0,
281009.0,167482.72727272726,2533.442439915429,1509.943984803008,165607.80727272716,1493.0406048420584,4025.629838124476,36.29314890019332,16.0,
280534.0,167007.72727272726,2529.16006761077,1505.6616124983495,165563.84727272714,1492.644282554663,3998.006761574833,36.04411248338141,17.0,
279636.0,166109.72727272726,2521.064130074805,1497.5656749623843,165477.78727272715,1491.8684068482653,3938.5757192668093,35.5083106947143,18.0,
280343.0,166816.72727272726,2527.4381031682656,1503.9396480558446,165356.18727272717,1490.7721195382728,3799.0306564172433,34.25023930019044,19.0,
278335.0,164808.72727272726,2509.334937720361,1485.83648260794,165231.88727272718,1489.6514903225486,3712.2442665317712,33.46781481078653,20.0,
278238.0,164711.72727272726,2508.4604322181463,1484.9619771057257,165089.0272727272,1488.3635330437203,3590.0584465991615,32.36624602909933,21.0,
279829.0,166302.72727272726,2522.8041255585927,1499.305670446172,164958.06727272717,1487.182860460524,3419.934318725722,30.83248844265843,22.0,
279125.0,165598.72727272726,2516.4571990270565,1492.9587439146355,164821.66727272715,1485.9531434450387,3251.5113003644847,29.314067244138048,23.0,
279257.0,165730.72727272726,2517.6472477517195,1494.1487926392986,164665.20727272713,1484.5425750854872,3006.5588917561395,27.10569374817213,24.0,
278727.0,165200.72727272726,2512.8690218117845,1489.3705666993637,164534.6872727271,1483.3658693313732,2833.865776355308,25.54877540165056,25.0,
278246.0,164719.72727272726,2508.5325563832776,1485.0341012708568,164427.2472727271,1482.3972417936625,2720.721009144054,24.52871641739261,26.0,
281299.0,167772.72727272726,2536.056940901431,1512.5584857890103,164367.64727272713,1481.859916763436,2611.9688806717854,23.548259358356137,27.0,
281980.0,168453.72727272726,2542.1965104582155,1518.6980553457945,164345.08727272713,1481.6565266177665,2571.392788042662,23.182444757711455,28.0,
281704.0,168177.72727272726,2539.7082267611927,1516.209771648772,164334.06727272712,1481.5571755802982,2553.7024150041075,23.022956834428538,29.0,
282950.0,169423.72727272726,2550.9415654803606,1527.4431103679397,164350.14727272713,1481.7021451522119,2583.0006975604583,23.2870961055725,30.0,
281798.0,168271.72727272726,2540.555685701483,1517.057230589062,164376.66727272715,1481.9412367596217,2616.108632377069,23.58558137530534,31.0,
280533.0,167006.72727272726,2529.151052090129,1505.652596977708,164372.12727272717,1481.9003062959098,2611.339166021491,23.542582152928226,32.0,
281698.0,168171.72727272726,2539.6541336373443,1516.1556785249236,164386.88727272718,1482.033375380577,2630.6169797972907,23.716381680944757,33.0,
279707.0,166180.72727272726,2521.7042320403434,1498.2057769279227,164377.42727272716,1481.9480885553091,2623.2884267647387,23.650310959808284,34.0,
279254.0,165727.72727272726,2517.6202011897954,1494.1217460773746,164357.7072727272,1481.7703024882612,2609.320513006751,23.524382945006035,35.0,
278410.0,164883.72727272726,2510.011101768465,1486.5126466560441,164350.9072727272,1481.7089969479,2607.497157735328,23.507944447919943,36.0,
275550.0,162023.72727272726,2484.2267127340992,1460.7282576216783,164308.9672727272,1481.3308860122002,2627.648785967753,23.689621868206924,37.0,
276639.0,163112.72727272726,2494.044614712569,1470.5461596001483,164271.8472727272,1480.9962298859919,2631.173575725821,23.721399683027332,38.0,
274441.0,160914.72727272726,2474.228500342801,1450.7300452303805,164222.80727272722,1480.5541087537385,2670.1478823461816,24.072773348846926,39.0,
272327.0,158800.72727272726,2455.1696897069096,1431.671234594489,164158.7272727272,1479.9763941910383,2759.558827058737,24.87885956646885,40.0,
273466.0,159939.72727272726,2465.438367717449,1441.9399126050284,164090.06727272723,1479.3573885438009,2820.300342941827,25.426475956701964,41.0,
273748.0,160221.72727272726,2467.9807445383203,1444.4822894258994,164032.58727272725,1478.839176417334,2868.8494070616157,25.864171046393928,42.0,
272322.0,158795.72727272726,2455.124612103703,1431.626156991282,163927.74727272723,1477.893989233291,2961.046946537285,26.695379866621884,43.0,
273632.0,160105.72727272726,2466.9349441439194,1443.4364890314987,163830.18727272723,1477.0144350395174,3004.6856621613133,27.088805608093917,44.0,
274501.0,160974.72727272726,2474.7694315812846,1451.2709764688636,163774.80727272722,1476.5151555063972,3031.1701558305444,27.327577107445546,45.0,
275022.0,161495.72727272726,2479.4665178354467,1455.9680627230262,163732.38727272724,1476.1327171207897,3047.8808021964646,27.478232284688414,46.0,
276823.0,163296.72727272726,2495.7034705105843,1472.2050153981636,163751.62727272723,1476.30617573793,3042.027963381955,27.425465895545493,47.0,
275924.0,162397.72727272726,2487.598517453978,1464.1000623415568,163819.52727272725,1476.9183295894804,2972.3633021549986,26.797402704278657,48.0,
277598.0,164071.72727272726,2502.690499007659,1479.1920438952382,163891.02727272725,1477.5629393153395,2934.3284495771377,26.454498705770852,49.0,
280624.0,167097.72727272726,2529.971464468495,1506.4730093560743,164035.24727272723,1478.86315770224,2911.0915769858175,26.245006201282532,51.0,1478.8631577022406,
280162.0,166635.72727272726,2525.8062939321744,1502.3078388197537,164184.62727272723,1480.2098961756503,2848.3925238628517,25.679741593657035,51.0,1478.8631577022406,
282210.0,168683.72727272726,2544.2700802057343,1520.7716250933136,164335.92727272722,1481.5739444486921,2882.2372282651886,25.984869224797933,51.0,1478.8631577022406,
282755.0,169228.72727272726,2549.1835389552903,1525.6850838428693,164518.8472727272,1483.2230634844143,2896.692483781773,26.115190879284217,51.0,1478.8631577022406,
282571.0,169044.72727272726,2547.524683157275,1524.0262280448542,164682.94727272718,1484.7025104216657,2915.964994919836,26.288942601260782,51.0,1478.8631577022406,
285347.0,171820.72727272726,2572.5517684577644,1549.0533133453434,164894.5872727272,1486.610555210209,3039.6982416677274,27.404462241342188,51.0,1478.8631577022406,
286107.0,172580.72727272726,2579.4035641452183,1555.9051090327973,165139.1672727272,1488.8155712486794,3154.160656402573,28.436400504047146,51.0,1478.8631577022406,
286028.0,172501.72727272726,2578.691338014549,1555.1928829021278,165364.7272727272,1490.8491120845506,3267.3206943913437,29.456597162315013,51.0,1478.8631577022406,
288151.0,174624.72727272726,2597.8312883362128,1574.3328332237918,165588.68727272723,1492.8682280873957,3502.1509902341386,31.573714541708668,51.0,1478.8631577022406,
287541.0,174014.72727272726,2592.3318207449665,1568.8333656325458,165824.7872727272,1494.996792510827,3660.7286073127543,33.00337432174284,51.0,1478.8631577022406,
285729.0,172202.72727272726,2575.995697342774,1552.4972422303533,165973.74727272723,1496.3397444655682,3764.227232726259,33.936468315513444,51.0,1478.8631577022406,
285822.0,172295.72727272726,2576.834140762423,1553.3356856500022,166121.26727272724,1497.6697140705855,3863.259500525172,34.82929577001787,51.0,1478.8631577022406,
284200.0,170673.72727272726,2562.210966282094,1538.712511169673,166243.72727272726,1498.77375472833,3908.3172133282637,35.23551450984782,51.0,1478.8631577022406,
285423.0,171896.72727272726,2573.2369480265097,1549.738492914089,166345.6872727273,1499.692977212926,3987.168829934093,35.946402886964385,51.0,1478.8631577022406,
285976.0,172449.72727272726,2578.2225309411965,1554.7240758287758,166495.24727272728,1501.0413384800518,4072.171146894246,36.71274303008433,51.0,1478.8631577022406,
284641.0,171114.72727272726,2566.1868108849453,1542.6883557725246,166631.5672727273,1502.2703342538857,4110.266732755673,37.05619457076375,51.0,1478.8631577022406,
285932.0,172405.72727272726,2577.8258480329755,1554.3273929205548,166730.0272727273,1503.1580024162367,4187.711457347316,37.75439908388621,51.0,1478.8631577022406,
286931.0,173404.72727272726,2586.8323531537208,1563.3338980413,166857.9672727273,1504.311448127096,4290.6932612805085,38.68283366293315,51.0,1478.8631577022406,
286717.0,173190.72727272726,2584.903031736464,1561.4045766240433,166999.5872727273,1505.588226160329,4379.597260068323,39.4843494991065,51.0,1478.8631577022406,
289279.0,175752.72727272726,2608.000795619697,1584.502340507276,167178.30727272728,1507.1994800093573,4547.59406319407,40.998928145373654,51.0,1478.8631577022406,
288657.0,175130.72727272726,2602.3931417807544,1578.8946866683334,167384.74727272728,1509.0606440905651,4668.03125306568,42.08473211665176,51.0,1478.8631577022406,
288635.0,175108.72727272726,2602.194800326644,1578.696345214223,167592.6872727273,1510.9353314527352,4774.680445684081,43.04623011409017,51.0,1478.8631577022406,
292587.0,179060.72727272726,2637.824137901404,1614.3256827889832,167847.84727272726,1513.2357316995913,5032.842698276782,45.37369723116655,51.0,1478.8631577022406,
290869.0,177342.72727272726,2622.3354734395016,1598.8370183270808,168082.72727272726,1515.35329718784,5193.863794902397,46.8253862514935,51.0,1478.8631577022406,
290712.0,177185.72727272726,2620.920036698804,1597.4215815863831,168311.82727272724,1517.4187529667815,5335.765025748223,48.10469972722222,51.0,1478.8631577022406,
293661.0,180134.72727272726,2647.506807070253,1624.0083519578325,168610.50727272723,1520.111508671951,5566.257188775771,50.182706580674946,51.0,1478.8631577022406,
291627.0,178100.72727272726,2629.1692380856725,1605.6707829732518,168878.12727272723,1522.5242423059988,5692.988737034174,51.32525746991347,51.0,1478.8631577022406,
290674.0,177147.72727272726,2620.577446914431,1597.0789918020103,169065.62727272723,1524.2146524262587,5806.741944498479,52.35080185983185,51.0,1478.8631577022406,
291576.0,178049.72727272726,2628.709446532962,1605.2109914205412,169257.5472727272,1525.9449111477536,5940.388147890506,53.55569196515563,51.0,1478.8631577022406,
289464.0,175937.72727272726,2609.6686669383535,1586.1702118259325,169412.74727272723,1527.3441199512968,6011.098084343493,54.193178856798674,51.0,1478.8631577022406,
288502.0,174975.72727272726,2600.995736081339,1577.4972809689184,169523.7872727272,1528.3452033633162,6061.344967612223,54.64618067007326,51.0,1478.8631577022406,
285943.0,172416.72727272726,2577.925018760031,1554.42656364761,169606.68727272723,1529.0925900244874,6071.9897363548,54.742148802394745,51.0,1478.8631577022406,
279747.0,166220.72727272726,2522.064852865999,1498.566397753578,169590.96727272726,1528.9508660400052,6079.713060860522,54.811778593896214,51.0,1478.8631577022406,
277436.0,163909.72727272726,2501.2299846637543,1477.7315295513336,169505.72727272726,1528.1823830605333,6128.693984855013,55.253367125202736,51.0,1478.8631577022406,
274859.0,161332.72727272726,2477.996987970901,1454.49853285848,169408.76727272724,1527.3082381791444,6218.2260169921465,56.060545009000364,51.0,1478.8631577022406,
272825.0,159298.72727272726,2459.6594189863204,1436.1609638738996,169280.18727272723,1526.1490225350747,6357.913104816549,57.31989683261646,51.0,1478.8631577022406,
270494.0,156967.72727272726,2438.644240371248,1415.1457852588271,169121.86727272722,1524.7216853071302,6560.743101234645,59.14851485201619,51.0,1478.8631577022406,
266573.0,153046.72727272726,2403.2943839363707,1379.7959288239501,168942.32727272724,1523.103038731176,6868.161771536688,61.920054219671904,51.0,1478.8631577022406,
266380.0,152853.72727272726,2401.554388452583,1378.0559333401625,168737.14727272725,1521.2532342059762,7185.173871493854,64.77808335040507,51.0,1478.8631577022406,
268084.0,154557.72727272726,2416.916835625506,1393.4183805130854,168610.00727272723,1520.1070009116302,7376.16925792772,66.50000619920921,51.0,1478.8631577022406,
265961.0,152434.72727272726,2397.7768853038424,1374.2784301914214,168482.68727272723,1518.9591448235687,7596.0527063994205,68.48236996760511,51.0,1478.8631577022406,
268513.0,154986.72727272726,2420.784493980661,1397.2860388682402,168383.62727272723,1518.066067348833,7737.78904145092,69.7601968218964,51.0,1478.8631577022406,
270345.0,156818.72727272726,2437.300927795681,1413.8024726832605,168315.56727272723,1517.4524710139804,7823.768471420786,70.5353461475244,51.0,1478.8631577022406,
267946.0,154419.72727272726,2415.672693776995,1392.174238664574,168228.0472727272,1516.663432647446,7953.177582425651,71.70203665897225,51.0,1478.8631577022406,
269453.0,155926.72727272726,2429.2590833835643,1405.7606282711436,168144.4672727272,1515.9099154322387,8059.345871247736,72.65919905830846,51.0,1478.8631577022406,
271078.0,157551.72727272726,2443.909304425818,1420.410849313397,168076.00727272718,1515.2927128891292,8134.149524172634,73.33359293530401,51.0,1478.8631577022406,
271008.0,157481.72727272726,2443.2782179809205,1419.7797628685,167995.72727272715,1514.5689468920384,8218.072601285405,74.09020316930287,51.0,1478.8631577022406,
272319.0,158792.72727272726,2455.0975655417787,1431.5991104293578,167905.64727272713,1513.7568287926622,8293.424807255315,74.76954253759861,51.0,1478.8631577022406,
271598.0,158071.72727272726,2448.5973751593388,1425.098920046918,167819.1272727271,1512.9768059467692,8372.621173802016,75.48353901492322,51.0,1478.8631577022406,
269696.0,156169.72727272726,2431.4498548994216,1407.9513997870006,167661.08727272713,1511.5519930646046,8515.228649331606,76.7692196541763,51.0,1478.8631577022406,
272093.0,158566.72727272726,2453.0600578768253,1429.5616027644046,167490.46727272714,1510.0137649327712,8609.750748563963,77.6213855908728,51.0,1478.8631577022406,
273066.0,159539.72727272726,2461.8321594608947,1438.3337043484737,167348.54727272716,1508.734282243346,8680.86057874435,78.2624777326696,51.0,1478.8631577022406,
275850.0,162323.72727272726,2486.931368926515,1463.4329138140943,167221.34727272714,1507.5875080177614,8706.921542979337,78.49743089366456,51.0,1478.8631577022406,
275526.0,161999.72727272726,2484.010340238706,1460.511885126285,167076.76727272713,1506.2840440434295,8732.370479909658,78.72686630986121,51.0,1478.8631577022406,
270772.0,157245.72727272726,2441.1505551095534,1417.6520999971326,166840.78727272715,1504.1565614824754,8834.825253302839,79.65054943419602,51.0,1478.8631577022406,
270159.0,156632.72727272726,2435.6240409563834,1412.1255858439627,166537.02727272714,1501.4180069324475,8919.078475380598,80.4101360969414,51.0,1478.8631577022406,
270479.0,156952.72727272726,2438.509007561627,1415.0105524492064,166224.46727272714,1498.6001158007757,8975.461939777664,80.91846238404604,51.0,1478.8631577022406,
268580.0,155053.72727272726,2421.3885338636337,1397.8900787512132,165875.50727272712,1495.4540597177572,9063.375349812968,81.71104754687401,51.0,1478.8631577022406,
269861.0,156334.72727272726,2432.93741580525,1409.4389606928294,165509.70727272713,1492.156182267138,9071.963168994747,81.78847120797184,51.0,1478.8631577022406,
268512.0,154985.72727272726,2420.7754784600197,1397.2770233475987,165129.1272727271,1488.725055421439,9106.264349336512,82.09771420736695,51.0,1478.8631577022406,
267938.0,154411.72727272726,2415.6005696118636,1392.102114499443,164773.3072727271,1485.5171528668209,9170.276955664807,82.67482118102865,51.0,1478.8631577022406,
270486.0,156959.72727272726,2438.572116206117,1415.073661093696,164466.58727272713,1482.751912375695,9170.016732830803,82.67247513669733,51.0,1478.8631577022406,
269191.0,155664.72727272726,2426.897016975521,1403.3985618631004,164166.40727272714,1480.0456333895636,9207.495962399162,83.01036990449414,51.0,1478.8631577022406,
270133.0,156606.72727272726,2435.3896374197075,1411.8911823072865,163860.60727272715,1477.2886871774276,9199.580780970227,82.93901042294125,51.0,1478.8631577022406,
274245.0,160718.72727272726,2472.4614582970894,1448.9630031846687,163625.98727272716,1475.1734657245454,9126.840009137704,82.28321449301475,51.0,1478.8631577022406,
275158.0,161631.72727272726,2480.6926286426756,1457.1941735302546,163436.32727272718,1473.4635820797002,9067.588133566538,81.74902798576203,51.0,1478.8631577022406,
275568.0,162041.72727272726,2484.388992105644,1460.8905369932231,163229.04727272716,1471.5948449611535,8978.200544518742,80.94315233161782,51.0,1478.8631577022406,
279381.0,165854.72727272726,2518.7651723112513,1495.2667171988305,163078.04727272716,1470.2335013443042,8868.611991602553,79.95515447074223,51.0,1478.8631577022406,
279922.0,166395.72727272726,2523.642568978242,1500.1441138658208,162942.14727272713,1469.0082920891393,8764.052939342424,79.01250017684721,51.0,1478.8631577022406,
281620.0,168093.72727272726,2538.950923027316,1515.4524679148954,162788.96727272714,1467.627294637292,8604.284754841423,77.57210681164156,51.0,1478.8631577022406,
282080.0,168553.72727272726,2543.098062522354,1519.5996074099332,162657.42727272716,1466.441393052124,8463.727413497938,76.30490919946094,51.0,1478.8631577022406,
282048.0,168521.72727272726,2542.8095658618295,1519.311110749409,162525.68727272717,1465.253688362828,8318.919951435792,74.99939453621283,51.0,1478.8631577022406,
285477.0,171950.72727272726,2573.7237861411445,1550.2253310287238,162383.48727272716,1463.9716813276225,8092.75508973282,72.96040055717333,51.0,1478.8631577022406,
288626.0,175099.72727272726,2602.1136606408713,1578.6152055284504,162338.62727272717,1463.5672450716502,8015.556779787444,72.26441760038063,51.0,1478.8631577022406,
290920.0,177393.72727272726,2622.795264992212,1599.2968098797915,162342.78727272715,1463.604749637518,8023.311432095632,72.33432982833187,51.0,1478.8631577022406,
291124.0,177597.72727272726,2624.634431203055,1601.1359760906344,162292.04727272716,1463.1473021201741,7917.963948995754,71.3845674199268,51.0,1478.8631577022406,
287105.0,173578.72727272726,2588.401053745322,1564.9025986329013,162201.60727272715,1462.331938433367,7761.151289956692,69.9708196555294,51.0,1478.8631577022406,
285073.0,171546.72727272726,2570.0815158020246,1546.5830606896036,162089.58727272713,1461.3220198111187,7582.99519717614,68.36464972367753,51.0,1478.8631577022406,
285574.0,172047.72727272726,2574.598291643359,1551.0998365309383,161969.54727272716,1460.239796713327,7374.020357145509,66.48063273985089,51.0,1478.8631577022406,
284633.0,171106.72727272726,2566.114686719814,1542.6162316073935,161872.92727272716,1459.3687171089562,7220.415564217641,65.09580555859378,51.0,1478.8631577022406,
285190.0,171663.72727272726,2571.1363317170667,1547.6378766046457,161806.68727272717,1458.7715290216709,7114.319441689157,64.13929377596715,51.0,1478.8631577022406,
285514.0,171987.72727272726,2574.057360404876,1550.5589052924552,161798.10727272715,1458.6941758545677,7101.765980064137,64.02611778356591,51.0,1478.8631577022406,
283180.0,169653.72727272726,2553.0151352278795,1529.5166801154585,161866.76727272713,1459.313181501805,7160.5439596720835,64.55603187198037,51.0,1478.8631577022406,
283576.0,170049.72727272726,2556.5852814018685,1533.0868262894478,161989.56727272712,1460.4202874365672,7246.658052812785,65.33239525620465,51.0,1478.8631577022406,
282870.0,169343.72727272726,2550.2203238290494,1526.7218687166287,162149.7872727271,1461.8647541537298,7318.567284407272,65.98069441795101,51.0,1478.8631577022406,
282186.0,168659.72727272726,2544.053707710341,1520.5552525979203,162337.00727272706,1463.55263992821,7362.8385342608535,66.37982278482596,51.0,1478.8631577022406,
283766.0,170239.72727272726,2558.298230323732,1534.7997752113113,162602.44727272706,1465.9457197272598,7403.607850338685,66.74737939546087,51.0,1478.8631577022406,
282806.0,169279.72727272726,2549.643330508001,1526.14487539558,162927.10727272704,1468.8726986586921,7333.041030540927,66.11118277497717,51.0,1478.8631577022406,
280477.0,166950.72727272726,2528.646182934211,1505.1477278217903,163209.04727272704,1471.4145345483246,7210.2934238210355,65.00454919291316,51.0,1478.8631577022406,
281902.0,168375.72727272726,2541.4932998481872,1517.9948447357665,163485.40727272702,1473.9060638327783,7137.852709155393,64.35145843456827,51.0,1478.8631577022406,
281275.0,167748.72727272726,2535.8405684060376,1512.3421132936169,163791.68727272705,1476.6673374948223,6984.003238716111,62.964425358156504,51.0,1478.8631577022406,
282204.0,168677.72727272726,2544.215987081886,1520.7175319694652,164065.50727272706,1479.1359673568468,6901.321987242534,62.219010828840794,51.0,1478.8631577022406,
283237.0,169710.72727272726,2553.5290199044384,1530.0305647920177,164323.3472727271,1481.4605291990222,6866.4996523408745,61.9050693497536,51.0,1478.8631577022406,
279616.0,166089.72727272726,2520.883819661977,1497.3853645495565,164556.7472727271,1483.5647517167222,6722.730851342884,60.60891875676881,51.0,1478.8631577022406,
280199.0,166672.72727272726,2526.139868195906,1502.6414130834848,164771.6672727271,1485.5023674129689,6614.296789258666,59.63132923181913,51.0,1478.8631577022406,
282262.0,168735.72727272726,2544.7388872790866,1521.2404321666656,164995.3472727271,1487.518959070034,6555.197482578047,59.09851821254837,51.0,1478.8631577022406,
281066.0,167539.72727272726,2533.956324591988,1510.457869479567,165196.50727272706,1489.3325212022553,6475.3792453876895,58.3789152475996,51.0,1478.8631577022406,
280696.0,167169.72727272726,2530.620581954675,1507.1221268422541,165364.04727272704,1490.842981530513,6415.619276234969,57.84014801217462,51.0,1478.8631577022406,
281114.0,167587.72727272726,2534.3890695827745,1510.8906144703537,165554.36727272705,1492.5588154189818,6337.135427809461,57.13257525667899,51.0,1478.8631577022406,
282010.0,168483.72727272726,2542.466976077457,1518.968520965036,165800.64727272707,1494.7791578425426,6205.547939835604,55.94624554270246,51.0,1478.8631577022406,
282567.0,169040.72727272726,2547.4886210747095,1523.9901659622885,166010.12727272706,1496.6677291065002,6134.1921847948315,55.30293626025065,51.0,1478.8631577022406,
282359.0,168832.72727272726,2545.6133927813007,1522.1149376688802,166195.98727272704,1498.3433537729081,6075.836544246238,54.77682977834346,51.0,1478.8631577022406,
283537.0,170010.72727272726,2556.233676096854,1532.7352209844337,166349.72727272703,1499.7293999163148,6073.163146170054,54.752727702804975,51.0,1478.8631577022406,
286297.0,172770.72727272726,2581.1165130670815,1557.6180579546608,166565.14727272702,1501.6715233728823,6105.983921007182,55.04862407581541,51.0,1478.8631577022406,
283835.0,170308.72727272726,2558.9203012479875,1535.421846135567,166826.40727272702,1504.026918295651,5979.802580152489,53.911033592782076,51.0,1478.8631577022406,
285200.0,171673.72727272726,2571.2264869234805,1547.7280318110597,167127.22727272703,1506.738967214993,5836.030689603896,52.61485514589005,51.0,1478.8631577022406,
287792.0,174265.72727272726,2594.5947164259546,1571.096261313534,167473.48727272704,1509.8606813922797,5734.815852527322,51.70235069301161,51.0,1478.8631577022406,
286871.0,173344.72727272726,2586.2914219152376,1562.7929668028169,167839.30727272705,1513.158739153312,5509.873773835371,49.6743807394479,51.0,1478.8631577022406,
289691.0,176164.72727272726,2611.715190123948,1588.2167350115274,168235.90727272702,1516.7342946396855,5379.64335133836,48.50028567728959,51.0,1478.8631577022406,
290100.0,176573.72727272726,2615.402538066275,1591.9040829538544,168667.66727272703,1520.6268358318107,5160.734960875167,46.52671256449594,51.0,1478.8631577022406,
288265.0,174738.72727272726,2598.8590576893307,1575.3606025769097,169074.207272727,1524.2920055933598,4810.450025683607,43.36871150090963,51.0,1478.8631577022406,
290971.0,177444.72727272726,2623.255056544923,1599.7566014325023,169483.90727272702,1527.985664400136,4630.191675038909,41.74358861989004,51.0,1478.8631577022406,
292725.0,179198.72727272726,2639.0682797499153,1615.5698246374943,169954.58727272702,1532.229089655624,4391.502603938639,39.591682372512146,51.0,1478.8631577022406,
290109.0,176582.72727272726,2615.4836777520477,1591.985222639627,170354.10727272704,1535.830970462271,4054.752317417186,36.55570321338511,51.0,1478.8631577022406,
292349.0,178822.72727272726,2635.6784439887538,1612.179988876333,170716.18727272705,1539.0953101761045,3985.906919184165,35.93502610455082,51.0,1478.8631577022406,
292232.0,178705.72727272726,2634.6236280737116,1611.125172961291,171057.66727272703,1542.1739301647249,3923.8950159758797,35.37595651116485,51.0,1478.8631577022406,
291575.0,178048.72727272726,2628.7004310123207,1605.2019758998997,171377.80727272705,1545.0601589428586,3827.037678623049,34.50273718699065,51.0,1478.8631577022406,
295107.0,181580.72727272726,2660.543249917698,1637.0447948052774,171692.32727272707,1547.8957204949877,4002.3990105936,36.083710895072215,51.0,1478.8631577022406,
293774.0,180247.72727272726,2648.52556090273,1625.027105790309,171969.36727272705,1550.3933803334774,4104.298311575408,37.002386146416576,51.0,1478.8631577022406,
291676.0,178149.72727272726,2629.6109985971007,1606.11254348468,172170.48727272704,1552.206581844873,4155.519301170532,37.464170035383674,51.0,1478.8631577022406,
291734.0,178207.72727272726,2630.133898794301,1606.6354436818801,172363.56727272706,1553.947298570312,4206.9474746425,37.92782179486902,51.0,1478.8631577022406,
288258.0,174731.72727272726,2598.795949044841,1575.2974939324201,172487.76727272707,1555.0670262339722,4183.294199360232,37.714575203325325,51.0,1478.8631577022406,
287910.0,174383.72727272726,2595.6585478616385,1572.1600927492175,172536.42727272704,1555.505721468382,4190.90773102928,37.78321515524148,51.0,1478.8631577022406,
287901.0,174374.72727272726,2595.577408175866,1572.0789530634452,172521.92727272704,1555.374996419082,4183.261187160202,37.71427758115454,51.0,1478.8631577022406,
285861.0,172334.72727272726,2577.185746067437,1553.6872909550164,172420.74727272705,1554.4628060405864,4124.978659290365,37.18883024811183,51.0,1478.8631577022406,
287659.0,174132.72727272726,2593.3956521806504,1569.8971970682296,172351.44727272706,1553.8380304601385,4066.1088919999306,36.65808864595129,51.0,1478.8631577022406,
286973.0,173446.72727272726,2587.211005020659,1563.7125499082383,172348.80727272705,1553.814229485645,4065.353981340482,36.651282733318624,51.0,1478.8631577022406,
286752.0,173225.72727272726,2585.2185749589125,1561.7201198464918,172382.38727272706,1554.1169706687829,4065.5243824629706,36.65281898815574,51.0,1478.8631577022406,
289425.0,175898.72727272726,2609.317061633339,1585.8186065209184,172459.40727272708,1554.8113460685827,4094.827153568383,36.91699872590641,51.0,1478.8631577022406,
289954.0,176427.72727272726,2614.086272052633,1590.587816940212,172565.82727272707,1555.770777775239,4127.304278824253,37.20979691902361,51.0,1478.8631577022406,
289965.0,176438.72727272726,2614.185442779688,1590.6869876672672,172661.32727272707,1556.6317599964914,4160.436486716391,37.5085010231699,51.0,1478.8631577022406,
290653.0,177126.72727272726,2620.388120980962,1596.8896658685412,172764.1072727271,1557.5583752080133,4205.756678125955,37.91708614429441,51.0,1478.8631577022406,
288039.0,174512.72727272726,2596.8215500243773,1573.3230949119566,172861.2872727271,1558.4345035039432,4188.867322606566,37.76481981098964,51.0,1478.8631577022406,
288118.0,174591.72727272726,2597.533776155047,1574.035321042626,172952.1272727271,1559.2534733990071,4176.140395149704,37.650079933800875,51.0,1478.8631577022406,
288712.0,175185.72727272726,2602.8889954160304,1579.3905403036097,173068.96727272714,1560.306846830747,4155.221460091045,37.4614848429837,51.0,1478.8631577022406,
284189.0,170662.72727272726,2562.1117955550385,1538.6133404426178,173109.02727272714,1560.6680085876408,4122.042266886788,37.16235714178617,51.0,1478.8631577022406,
283602.0,170075.72727272726,2556.8196849385445,1533.3212298261237,173105.7472727271,1560.6384376799367,4124.388708596847,37.18351153545702,51.0,1478.8631577022406,
285027.0,171500.72727272726,2569.6668018525206,1546.1683467400999,173150.1672727271,1561.038907106827,4094.796977433824,36.91672667234242,51.0,1478.8631577022406,
282307.0,168780.72727272726,2545.144585707949,1521.6461305955281,173186.76727272707,1561.3688751623017,4047.122646819737,36.486917760626824,51.0,1478.8631577022406,
281699.0,168172.72727272726,2539.6631491579856,1516.1646940455648,173182.70727272707,1561.3322721484976,4052.045786957644,36.531302432160565,51.0,1478.8631577022406,
279248.0,165721.72727272726,2517.566108065947,1494.0676529535262,173142.1672727271,1560.966782941696,4115.846601417645,37.10649999186198,51.0,1478.8631577022406,
277025.0,163498.72727272726,2497.5246056801443,1474.0261505677236,173038.58727272708,1560.032955313661,4288.444781083364,38.66256244330405,51.0,1478.8631577022406,
278390.0,164863.72727272726,2509.8307913556373,1486.3323362432163,172941.64727272707,1559.1589907426849,4415.47675269626,39.80782180549615,51.0,1478.8631577022406,
277556.0,164029.72727272726,2502.3118471407206,1478.8133920282999,172900.44727272706,1558.7875512922596,4488.22990961928,40.46372939346168,51.0,1478.8631577022406,
275699.0,162172.72727272726,2485.5700253096657,1462.071570197245,172810.44727272706,1557.976154434535,4654.255828980725,41.960539496469984,51.0,1478.8631577022406,
276996.0,163469.72727272726,2497.263155581544,1473.7647004691235,172705.12727272706,1557.026639800584,4802.49093283902,43.296956135082546,51.0,1478.8631577022406,
276450.0,162923.72727272726,2492.340681311347,1468.8422261989263,172612.80727272705,1556.194326934971,4943.205918591796,44.56557499368913,51.0,1478.8631577022406,
276572.0,163045.72727272726,2493.4405748295962,1469.9421197171755,172530.32727272707,1555.4507267924698,5066.213556493738,45.6745528922423,51.0,1478.8631577022406,
278206.0,164679.72727272726,2508.171935557622,1484.6734804452012,172472.1672727271,1554.9263841119669,5138.7926331387325,46.32889105586804,51.0,1478.8631577022406,
277387.0,163860.72727272726,2500.788224152326,1477.2897690399057,172379.70727272707,1554.0928090734642,5250.1072160100575,47.33244997543182,51.0,1478.8631577022406,
279551.0,166024.72727272726,2520.297810820287,1496.7993557078664,172319.38727272706,1553.5489928683755,5305.160407037741,47.8287831555161,51.0,1478.8631577022406,
282589.0,169062.72727272726,2547.68696252882,1524.188507416399,172323.98727272704,1553.5904642633257,5302.234105770967,47.80240102604259,51.0,1478.8631577022406,
282352.0,168825.72727272726,2545.550284136811,1522.0518290243904,172300.28727272703,1553.376796424125,5315.153605155813,47.91887703942305,51.0,1478.8631577022406,
283467.0,169940.72727272726,2555.6025896519573,1532.1041345395365,172243.68727272705,1552.8665179558225,5324.901734154426,48.00676149762494,51.0,1478.8631577022406,
283273.0,169746.72727272726,2553.853578647528,1530.3551235351076,172232.44727272706,1552.7651835038134,5329.565359539257,48.04880650854558,51.0,1478.8631577022406,
282717.0,169190.72727272726,2548.840949170917,1525.3424940584966,172182.7872727271,1552.3174727487624,5346.082552336878,48.197717601150295,51.0,1478.8631577022406,
284701.0,171174.72727272726,2566.7277421234285,1543.2292870110077,172120.96727272708,1551.7601332627119,5339.506331338204,48.13842954499443,51.0,1478.8631577022406,
284495.0,170968.72727272726,2564.8705448713026,1541.372089758882,172073.44727272706,1551.331715721833,5338.9765949665625,48.13365369580141,51.0,1478.8631577022406,
285155.0,171628.72727272726,2570.8207884946182,1547.3223333821973,171982.7272727271,1550.5138276892467,5307.129642283172,47.84653683651903,51.0,1478.8631577022406,
288776.0,175249.72727272726,2603.4659887370794,1579.9675336246585,171956.2472727271,1550.275096702663,5287.423191839357,47.66887292577435,51.0,1478.8631577022406,
288038.0,174511.72727272726,2596.812534503736,1573.314079391315,171951.70727272713,1550.234166238951,5285.129048528587,47.64819002940181,51.0,1478.8631577022406,
289705.0,176178.72727272726,2611.8414074129273,1588.3429523005066,171926.38727272712,1550.005893256311,5261.733226266862,47.43726451087902,51.0,1478.8631577022406,
291893.0,178366.72727272726,2631.5673665762815,1608.0689114638608,171909.7472727271,1549.8558749928384,5239.979070530786,47.24113947080448,51.0,1478.8631577022406,
288942.0,175415.72727272726,2604.9625651635492,1581.4641100511287,171886.40727272708,1549.645452741068,5221.67970844638,47.076161194208304,51.0,1478.8631577022406,
289106.0,175579.72727272726,2606.441110548737,1582.942655436316,171821.5472727271,1549.060706072268,5154.832073656778,46.47349496293478,51.0,1478.8631577022406,
288028.0,174501.72727272726,2596.722379297322,1573.2239241849013,171737.46727272708,1548.3026810967401,5075.534737581906,45.75858819274478,51.0,1478.8631577022406,
287311.0,173784.72727272726,2590.2582509974477,1566.759795885027,171652.18727272705,1547.5338374964424,5004.0948840325345,45.11452071845279,51.0,1478.8631577022406,
290460.0,176933.72727272726,2618.6481254971745,1595.1496703847536,171559.24727272705,1546.6959350080317,4859.9077079303215,43.81459825608003,51.0,1478.8631577022406,
291870.0,178343.72727272726,2631.36000960153,1607.8615544891088,171521.16727272703,1546.3526239820076,4798.754268182581,43.26326815774248,51.0,1478.8631577022406,
291276.0,177749.72727272726,2626.0047903405457,1602.5063352281252,171513.16727272703,1546.2804998168765,4788.018542821292,43.166480004147516,51.0,1478.8631577022406,
294391.0,180864.72727272726,2654.0881371384653,1630.5896820260446,171566.30727272705,1546.75958458376,4875.960266819301,43.9593204320907,51.0,1478.8631577022406,
294137.0,180610.72727272726,2651.798194895553,1628.2997397831325,171683.88727272706,1547.8196295007745,5019.641068283727,45.254677663464214,51.0,1478.8631577022406,
295245.0,181718.72727272726,2661.7873917662096,1638.2889366537888,171830.58727272708,1549.142206378866,5200.332020208003,46.88370067024933,51.0,1478.8631577022406,
298544.0,185017.72727272726,2691.5295943621445,1668.0311392497235,172043.44727272706,1551.0612501025914,5508.784258037406,49.66455818728223,51.0,1478.8631577022406,
299109.0,185582.72727272726,2696.6233635245276,1673.124908412107,172308.40727272708,1553.4500024517333,5825.894384349997,52.52347107664613,51.0,1478.8631577022406,
300006.0,186479.72727272726,2704.7102855398516,1681.2118304274309,172555.3472727271,1555.6762951189173,6150.612112269878,55.450970455332,51.0,1478.8631577022406,
301140.0,187613.72727272726,2714.933885947184,1691.4354308347633,172838.6872727271,1558.230752737448,6501.457744106396,58.61402649109448,51.0,1478.8631577022406,
298338.0,184811.72727272726,2689.6723971100187,1666.173941997598,173070.40727272708,1560.31982918047,6714.114712871765,60.53123978253338,51.0,1478.8631577022406,
299236.0,185709.72727272726,2697.768334645984,1674.2698795335632,173266.62727272706,1562.0888546407227,6933.67827419193,62.5107196017117,51.0,1478.8631577022406,
301036.0,187509.72727272726,2713.99627180048,1690.4978166880592,173488.26727272707,1564.0870546356798,7203.071359385611,64.93943852192217,51.0,1478.8631577022406,
300840.0,187313.72727272726,2712.2292297547683,1688.7307746423473,173705.76727272707,1566.0479303751813,7448.871952074445,67.15545883897343,51.0,1478.8631577022406,
302854.0,189327.72727272726,2730.386488326521,1706.8880332141,173949.7872727271,1568.2478977220926,7750.677450158885,69.8763925366377,51.0,1478.8631577022406,
299847.0,186320.72727272726,2703.276817757871,1679.7783626454504,174185.94727272706,1570.3770030767623,7941.768977476085,71.59918214556001,51.0,1478.8631577022406,
296433.0,182906.72727272726,2672.497830288177,1648.9993751757563,174352.24727272705,1571.8762841594248,8035.0348928677095,72.44002293091103,51.0,1478.8631577022406,
296401.0,182874.72727272726,2672.2093336276525,1648.7108785152318,174506.02727272708,1573.2626909236576,8122.616386977885,73.22961569886479,51.0,1478.8631577022406,
294941.0,181414.72727272726,2659.046673491228,1635.5482183788074,174721.06727272706,1575.2013884823812,8160.2597007939485,73.56898977158372,51.0,1478.8631577022406,
292584.0,179057.72727272726,2637.7970913394797,1614.298636227059,174900.70727272707,1576.8209366104,8154.882989939329,73.52051592389112,51.0,1478.8631577022406,
292248.0,178721.72727272726,2634.767876403974,1611.269421291553,175045.12727272706,1578.1229581014288,8157.332041789268,73.54259540139608,51.0,1478.8631577022406,
289580.0,176053.72727272726,2610.714467332754,1587.2160122203334,175190.58727272708,1579.434355733925,8109.03192498352,73.10714470135247,51.0,1478.8631577022406,
288001.0,174474.72727272726,2596.4789602400047,1572.9805051275837,175316.62727272706,1580.5706719555653,8047.717354008028,72.55436192110515,51.0,1478.8631577022406,
288500.0,174973.72727272726,2600.9777050400567,1577.4792499276357,175501.66727272703,1582.2389038950473,7930.487015083126,71.49746938073093,51.0,1478.8631577022406,
287682.0,174155.72727272726,2593.603009155402,1570.1045540429814,175714.80727272705,1584.1604719645527,7746.096781838074,69.83509542684007,51.0,1478.8631577022406,
288842.0,175315.72727272726,2604.061013099411,1580.56255798699,175923.84727272703,1586.045076399428,7589.900143322193,68.42690140818493,51.0,1478.8631577022406,
290658.0,177131.72727272726,2620.433198584169,1596.934743471748,176185.887272727,1588.4075034282966,7398.492879931856,66.70126527417801,51.0,1478.8631577022406,
288484.0,174957.72727272726,2600.8334567097945,1577.3350015973735,176441.58727272702,1590.7127720562994,7125.665504386415,64.24158443841273,51.0,1478.8631577022406,
289498.0,175971.72727272726,2609.97519464016,1586.4767395277397,176691.627272727,1592.9670128374714,6881.251427611304,62.038064284201255,51.0,1478.8631577022406,
290330.0,176803.72727272726,2617.476107813794,1593.9776527013732,176969.22727272697,1595.4697213675202,6594.217874016808,59.45030735699951,51.0,1478.8631577022406,
289128.0,175601.72727272726,2606.6394520028475,1583.1409968904265,177220.34727272697,1597.7336989109851,6291.3251541788,56.719571789174196,51.0,1478.8631577022406,
290648.0,177121.72727272726,2620.3430433777553,1596.8445882653343,177469.187272727,1599.977121067388,6031.061462827505,54.373159107593104,51.0,1478.8631577022406,
289574.0,176047.72727272726,2610.660374208906,1587.161919096485,177712.92727272699,1602.1745640685197,5714.096646015289,51.51555625902922,51.0,1478.8631577022406,
289326.0,175799.72727272726,2608.424525089842,1584.926069977421,177908.42727272699,1603.9370983539106,5472.988811426832,49.34184359949695,51.0,1478.8631577022406,
293233.0,179706.72727272726,2643.64816423574,1620.1497091233189,178121.307272727,1605.8563223880492,5329.919147942434,48.05199609519711,51.0,1478.8631577022406,
294111.0,180584.72727272726,2651.563791358877,1628.0653362464564,178356.48727272698,1607.9765925324905,5171.647813067276,46.6250976086903,51.0,1478.8631577022406,
292723.0,179196.72727272726,2639.0502487086324,1615.5517935962116,178541.60727272698,1609.6455457136237,5030.834068581833,45.35558838869083,51.0,1478.8631577022406,
291895.0,178368.72727272726,2631.5853976175645,1608.0869425051435,178714.04727272698,1611.2001820930245,4871.668639963492,43.920629181587024,51.0,1478.8631577022406,
288186.0,174659.72727272726,2598.1468315586612,1574.6483764462403,178823.42727272699,1612.1862997407795,4715.513661310271,42.51281074828362,51.0,1478.8631577022406,
288359.0,174832.72727272726,2599.706516629621,1576.2080615172001,178896.58727272696,1612.8458752309032,4623.762342552203,41.685624840145806,51.0,1478.8631577022406,
289110.0,175583.72727272726,2606.4771726313024,1582.9787175188817,178988.88727272695,1613.678007786103,4509.228365741072,40.653041408064944,51.0,1478.8631577022406,
286830.0,173303.72727272726,2585.921785568941,1562.42333045652,179022.38727272695,1613.9800277275895,4460.381147884553,40.21265830720519,51.0,1478.8631577022406,
287123.0,173596.72727272726,2588.563333116867,1565.0648780044462,178989.32727272695,1613.6819746151853,4494.218895425978,40.51772321862294,51.0,1478.8631577022406,
287949.0,174422.72727272726,2596.0101531666523,1572.5116980542316,178987.54727272692,1613.6659269884433,4496.009229039003,40.533864008266136,51.0,1478.8631577022406,
288054.0,174527.72727272726,2596.956782833998,1573.4583277215772,178954.5272727269,1613.3682344968645,4522.501427308107,40.77270496859695,51.0,1478.8631577022406,
290514.0,176987.72727272726,2619.1349636118093,1595.6365084993886,178926.9472727269,1613.119586437575,4530.200257340049,40.84211392966445,51.0,1478.8631577022406,
290753.0,177226.72727272726,2621.2896730451007,1597.79121793268,178963.16727272686,1613.4461285952057,4509.173330711947,40.65254523862387,51.0,1478.8631577022406,
292335.0,178808.72727272726,2635.5522266997746,1612.0537715873536,179027.74727272688,1614.0283509182266,4483.302048669477,40.41930216135085,51.0,1478.8631577022406,
296048.0,182521.72727272726,2669.026854841243,1645.5283997288223,179188.1472727269,1615.4744404291052,4461.919977274811,40.22653165533663,51.0,1478.8631577022406,
296297.0,182770.72727272726,2671.2717194809484,1647.7732643685276,179367.86727272687,1617.094709798775,4421.446509956236,39.86164227529753,51.0,1478.8631577022406,
297492.0,183965.72727272726,2682.0452666474057,1658.5468115349847,179508.50727272689,1618.3626526217797,4453.505946061405,40.1506747832549,51.0,1478.8631577022406,
298716.0,185189.72727272726,2693.0802639124627,1669.581808800042,179645.42727272687,1619.5970577079984,4520.3273211134165,40.75310426932215,51.0,1478.8631577022406,
297208.0,183681.72727272726,2679.4848587852516,1655.9864036728309,179764.06727272688,1620.6666590768925,4546.78396500257,40.99162468840663,51.0,1478.8631577022406,
298759.0,185232.72727272726,2693.4679313000424,1669.9694761876217,179851.42727272687,1621.454254960124,4608.634119780453,41.549236035479595,51.0,1478.8631577022406,
299918.0,186391.72727272726,2703.9169197234096,1680.4184646109888,179967.04727272686,1622.496629456681,4697.884653501473,42.35387606449623,51.0,1478.8631577022406,
299403.0,185876.72727272726,2699.2739265930954,1675.7754714806747,180050.20727272684,1623.2463601532186,4764.4856311678295,42.9543185533838,51.0,1478.8631577022406,
301654.0,188127.72727272726,2719.567863556857,1696.069408444436,180112.40727272685,1623.8071255371128,4848.490071930102,43.711662323044216,51.0,1478.8631577022406,
299585.0,186058.72727272726,2700.914751349828,1677.416296237407,180121.92727272687,1623.892953293619,4859.676096202788,43.812510155769665,51.0,1478.8631577022406,
296992.0,183465.72727272726,2677.537506326712,1654.0390512142915,180061.64727272684,1623.349497709356,4798.750424183855,43.26323350209262,51.0,1478.8631577022406,
296321.0,182794.72727272726,2671.488091976342,1647.9896368639209,179965.26727272684,1622.4805818299392,4693.339195967477,42.31289639827394,51.0,1478.8631577022406,
291607.0,178080.72727272726,2628.988927672845,1605.4904725604242,179830.64727272684,1621.2669124411957,4648.717736495144,41.910610709352326,51.0,1478.8631577022406,
289015.0,175488.72727272726,2605.620698170371,1582.1222430579498,179626.22727272686,1619.4239597116837,4610.267108314263,41.56395827731331,51.0,1478.8631577022406,
289489.0,175962.72727272726,2609.894054954388,1586.3955998419672,179395.28727272686,1617.3419153747618,4497.406222080031,40.546458627863394,51.0,1478.8631577022406,
286034.0,172507.72727272726,2578.7454311383967,1555.2469760259762,179099.16727272686,1614.6722394024343,4453.505527829053,40.1506710126725,51.0,1478.8631577022406,
282678.0,169151.72727272726,2548.4893438659033,1524.9908887534825,178695.64727272684,1611.0342965132218,4422.380077922249,39.87005887656526,51.0,1478.8631577022406,
280962.0,167435.72727272726,2533.018710445284,1509.520255332863,178317.94727272683,1607.62913436697,4559.349441708025,41.10490900301352,51.0,1478.8631577022406,
278150.0,164623.72727272726,2507.6670664017042,1484.1686112892837,178317.94727272683,1607.62913436697,4559.349441708025,41.10490900301352,51.0,1478.8631577022406,
278581.0,165054.72727272726,2511.5527557981422,1488.0543006857213,177960.90727272685,1604.4102328771694,4874.1472923582205,43.942975523414525,51.0,1478.8631577022406,
279328.0,165801.72727272726,2518.2873497172577,1494.7888946048372,177619.44727272683,1601.3317931989613,5110.256111155553,46.071619452895305,51.0,1478.8631577022406,
277854.0,164327.72727272726,2504.998472291854,1481.5000171794331,177277.70727272684,1598.250829174974,5407.702349390394,48.75325215340433,51.0,1478.8631577022406,
279033.0,165506.72727272726,2515.6277711280486,1492.129316015628,177006.68727272682,1595.8074427707452,5646.020088381031,50.90181064848302,51.0,1478.8631577022406,
277995.0,164468.72727272726,2506.2696607022895,1482.7712055898687,176721.62727272682,1593.2374784567114,5906.053268469724,53.24614515101805,51.0,1478.8631577022406,
276357.0,162830.72727272726,2491.502237891698,1468.0037827792773,176457.1672727268,1590.8532338678901,6217.857055803202,56.05721863178556,51.0,1478.8631577022406,
278803.0,165276.72727272726,2513.55420138053,1490.055746268109,176273.20727272678,1589.1947386907004,6406.976548232519,57.76222931947064,51.0,1478.8631577022406,
277230.0,163703.72727272726,2499.3727874116285,1475.874332299208,176047.80727272676,1587.1626403381317,6642.635539723767,59.88681782158835,51.0,1478.8631577022406,
276349.0,162822.72727272726,2491.430113726567,1467.9316586141463,175821.14727272678,1585.1191824295552,6892.001715292955,62.13498372469602,51.0,1478.8631577022406,
